id,alcaldia,name,lon,lat
002-001,Azcapotzalco,Aguilera,-99.15575,19.47279
002-002,Azcapotzalco,Aldana,-99.15002,19.4707
002-003,Azcapotzalco,Ampliacion Cosmopolita,-99.16097,19.47234
002-004,Azcapotzalco,Ampliacion Del Gas,-99.15763,19.46663
002-005,Azcapotzalco,Ampliacion Petrolera,-99.1952,19.483
002-006,Azcapotzalco,Ampliacion San Pedro Xalpa,-99.21667,19.47873
002-007,Azcapotzalco,Angel Zimbron,-99.18909,19.46779
002-008,Azcapotzalco,Arenal,-99.152,19.46526
002-009,Azcapotzalco,Barrio Coltongo,-99.1542,19.48194
002-010,Azcapotzalco,Barrio Huautla De Las Salinas,-99.15932,19.48897
002-011,Azcapotzalco,Barrio Los Reyes,-99.18342,19.48544
002-012,Azcapotzalco,Barrio Nextengo,-99.18877,19.47437
002-013,Azcapotzalco,Barrio San Andres,-99.18052,19.49202
002-014,Azcapotzalco,Barrio San Bernabe,-99.17378,19.46783
002-015,Azcapotzalco,Barrio San Marcos,-99.18303,19.48837
002-016,Azcapotzalco,Barrio San Mateo,-99.19144,19.48313
002-017,Azcapotzalco,Barrio Santa Apolonia,-99.19175,19.47427
002-018,Azcapotzalco,Barrio Santa Lucia,-99.19856,19.47594
002-019,Azcapotzalco,Centro De Azcapotzalco,-99.1862,19.48117
002-020,Azcapotzalco,Claveria,-99.18191,19.46616
002-021,Azcapotzalco,Coltongo,-99.1517,19.48306
002-022,Azcapotzalco,Cosmopolita,-99.1632,19.47472
002-023,Azcapotzalco,Del Gas,-99.15795,19.47043
002-024,Azcapotzalco,Del Maestro,-99.18227,19.48275
002-025,Azcapotzalco,Del Recreo,-99.18413,19.47289
002-026,Azcapotzalco,El Jaguey,-99.17308,19.48629
002-027,Azcapotzalco,El Rosario,-99.20236,19.50845
002-028,Azcapotzalco,Estacion Pantaco,-99.17,19.48428
002-029,Azcapotzalco,Euzkadi,-99.16067,19.47768
002-030,Azcapotzalco,Ex-Hacienda El Rosario,-99.20616,19.49749
002-031,Azcapotzalco,Ferreria,-99.1754,19.50559
002-032,Azcapotzalco,Ignacio Allende,-99.16193,19.46699
002-033,Azcapotzalco,Industrial San Antonio,-99.19623,19.47921
002-034,Azcapotzalco,Industrial Vallejo,-99.16367,19.49539
002-035,Azcapotzalco,Jardin Azpeitia,-99.17457,19.47283
002-036,Azcapotzalco,La Preciosa,-99.19397,19.48664
002-037,Azcapotzalco,La Raza,-99.1465,19.46577
002-038,Azcapotzalco,Las Salinas,-99.16483,19.48756
002-039,Azcapotzalco,Liberacion,-99.15242,19.47052
002-040,Azcapotzalco,Libertad,-99.17725,19.47829
002-041,Azcapotzalco,Monte Alto,-99.15632,19.47997
002-042,Azcapotzalco,Nueva El Rosario,-99.18702,19.50182
002-043,Azcapotzalco,Nueva España,-99.18716,19.49811
002-044,Azcapotzalco,Nueva Santa Maria,-99.16805,19.46436
002-045,Azcapotzalco,Nuevo Barrio San Rafael,-99.18799,19.48908
002-046,Azcapotzalco,Obrero Popular,-99.17485,19.46398
002-047,Azcapotzalco,Pasteros,-99.19571,19.49444
002-048,Azcapotzalco,Patrimonio Familiar,-99.14986,19.46745
002-049,Azcapotzalco,Petrolera,-99.19995,19.48508
002-050,Azcapotzalco,Plenitud,-99.1969,19.4734
002-051,Azcapotzalco,Porvenir,-99.14685,19.47109
002-052,Azcapotzalco,Potrero Del Llano,-99.16067,19.4746
002-053,Azcapotzalco,Prados Del Rosario,-99.20895,19.50397
002-054,Azcapotzalco,Pro Hogar,-99.15311,19.47565
002-055,Azcapotzalco,Providencia,-99.21173,19.49068
002-056,Azcapotzalco,Pueblo San Andres,-99.18415,19.49326
002-057,Azcapotzalco,Pueblo San Andres De Las Salinas,-99.1538,19.49008
002-058,Azcapotzalco,Pueblo San Bartolo Cahualtongo,-99.20044,19.48194
002-059,Azcapotzalco,Pueblo San Francisco Tetecala,-99.19132,19.48014
002-060,Azcapotzalco,Pueblo San Francisco Xocotitla,-99.14672,19.46839
002-061,Azcapotzalco,Pueblo San Juan Tlihuaca,-99.20462,19.48962
002-062,Azcapotzalco,Pueblo San Martin Xochinahuac,-99.19225,19.50419
002-063,Azcapotzalco,Pueblo San Miguel Amantla,-99.2041,19.47536
002-064,Azcapotzalco,Pueblo San Pedro Xalpa,-99.21112,19.48438
002-065,Azcapotzalco,Pueblo Santa Barbara,-99.17906,19.49977
002-066,Azcapotzalco,Pueblo Santa Catarina,-99.17543,19.49208
002-067,Azcapotzalco,Pueblo Santa Cruz Acayucan,-99.19435,19.47528
002-068,Azcapotzalco,Pueblo Santa Maria Malinalco,-99.18185,19.47818
002-069,Azcapotzalco,Pueblo Santiago Ahuizotla,-99.21073,19.47691
002-070,Azcapotzalco,Pueblo Santo Domingo,-99.1913,19.4883
002-071,Azcapotzalco,Reynosa Tamaulipas,-99.18754,19.49414
002-072,Azcapotzalco,San Alvaro,-99.18375,19.46147
002-073,Azcapotzalco,San Antonio,-99.20482,19.48016
002-074,Azcapotzalco,San Rafael,-99.18796,19.48645
002-075,Azcapotzalco,San Salvador Xochimanca,-99.1737,19.45956
002-076,Azcapotzalco,San Sebastian,-99.17723,19.48062
002-077,Azcapotzalco,Santa Cruz De Las Salinas,-99.15464,19.48757
002-078,Azcapotzalco,Santa Ines,-99.19088,19.49496
002-079,Azcapotzalco,Santo Tomas,-99.177,19.48588
002-080,Azcapotzalco,Sector Naval,-99.17687,19.47001
002-081,Azcapotzalco,Sindicato Mexicano De Electricistas,-99.17853,19.47438
002-082,Azcapotzalco,Tezozomoc,-99.19806,19.48942
002-083,Azcapotzalco,Tierra Nueva,-99.2007,19.49948
002-084,Azcapotzalco,Tlatilco,-99.16255,19.4613
002-085,Azcapotzalco,Trabajadores De Hierro,-99.15106,19.47837
002-086,Azcapotzalco,Un Hogar Para Cada Trabajador,-99.17609,19.47394
002-087,Azcapotzalco,Unidad Cuitlahuac,-99.16949,19.47227
002-088,Azcapotzalco,Victoria De Las Democracias,-99.16416,19.46882
003-001,Coyoacán,Adolfo Ruiz Cortinez,-99.15134,19.31931
003-002,Coyoacán,Ajusco,-99.15968,19.3199
003-003,Coyoacán,Alianza Popular Revolucionaria,-99.11923,19.31485
003-004,Coyoacán,Atlantida,-99.1463,19.34053
003-005,Coyoacán,Avante,-99.1345,19.32839
003-006,Coyoacán,Barrio Del Niño Jesus,-99.15992,19.33957
003-007,Coyoacán,Barrio La Concepcion,-99.15785,19.34667
003-008,Coyoacán,Barrio Oxtopulco Universidad,-99.18333,19.34274
003-009,Coyoacán,Barrio San Lucas,-99.15354,19.34786
003-010,Coyoacán,Barrio Santa Catarina,-99.17256,19.34815
003-011,Coyoacán,Bosques De Tetlameya,-99.15391,19.29899
003-012,Coyoacán,Cafetales,-99.10826,19.31094
003-013,Coyoacán,Campestre Churubusco,-99.1351,19.34601
003-014,Coyoacán,Campestre Coyoacan,-99.11669,19.30921
003-015,Coyoacán,Cantil Del Pedregal,-99.16035,19.30177
003-016,Coyoacán,Cantil Del Pedregal,-99.15738,19.30081
003-017,Coyoacán,Carmen Serdan,-99.1083,19.3198
003-018,Coyoacán,Churubusco Country Club,-99.14034,19.35141
003-019,Coyoacán,Ciudad Jardin,-99.14391,19.33514
003-020,Coyoacán,Ciudad Universitaria,-99.18501,19.32138
003-021,Coyoacán,Copilco El Alto,-99.17526,19.33275
003-022,Coyoacán,Copilco El Bajo,-99.18684,19.33851
003-023,Coyoacán,Copilco Universidad,-99.1804,19.33568
003-024,Coyoacán,Cuadrante De San Francisco,-99.16453,19.34247
003-025,Coyoacán,Culhuacan C.t.m. Secciën X,-99.11027,19.30811
003-026,Coyoacán,Culhuacan Ctm Canal Nacional,-99.10619,19.32423
003-027,Coyoacán,Culhuacan Ctm Croc,-99.12105,19.32506
003-028,Coyoacán,Culhuacan Ctm Seccion  I,-99.11935,19.33202
003-029,Coyoacán,Culhuacan Ctm Seccion  Ii,-99.1193,19.33004
003-030,Coyoacán,Culhuacan Ctm Seccion Iii,-99.11861,19.32782
003-031,Coyoacán,Culhuacan Ctm Seccion Ix-A,-99.10565,19.31236
003-032,Coyoacán,Culhuacan Ctm Seccion Ix-B,-99.10179,19.31119
003-033,Coyoacán,Culhuacan Ctm Seccion Piloto,-99.11181,19.32224
003-034,Coyoacán,Culhuacan Ctm Seccion V,-99.11349,19.33097
003-035,Coyoacán,Culhuacan Ctm Seccion Vi,-99.11594,19.32499
003-036,Coyoacán,Culhuacan Ctm Seccion Vii,-99.11101,19.32577
003-037,Coyoacán,Culhuacan Ctm Seccion Viii,-99.10269,19.31864
003-038,Coyoacán,Culhuacan Ctm Seccion X-A,-99.11921,19.32144
003-039,Coyoacán,Del Carmen,-99.16385,19.35408
003-040,Coyoacán,Educacion,-99.13388,19.33635
003-041,Coyoacán,El Caracol,-99.16219,19.30397
003-042,Coyoacán,El Centinela,-99.13942,19.33573
003-043,Coyoacán,El Mirador,-99.10904,19.30251
003-044,Coyoacán,El Parque De Coyoacan,-99.1307,19.31071
003-045,Coyoacán,El Reloj,-99.14287,19.31778
003-046,Coyoacán,El Rosario,-99.14356,19.32809
003-047,Coyoacán,El Rosedal,-99.15065,19.34026
003-048,Coyoacán,Emiliano Zapata,-99.13745,19.32556
003-049,Coyoacán,Emiliano Zapata Fraccionamiento Popular,-99.11028,19.31754
003-050,Coyoacán,Espartaco,-99.13559,19.31713
003-051,Coyoacán,Ex-Ejido De San Francisco Culhuacan,-99.12552,19.33308
003-052,Coyoacán,Ex Ejido De  Santa Ursula Coapa,-99.12938,19.30804
003-053,Coyoacán,Ex Ejido San Pablo Tepetlapa,-99.12107,19.31967
003-054,Coyoacán,Ex Hacienda Coapa,-99.13776,19.3111
003-055,Coyoacán,Haciendas De Coyoacan,-99.11224,19.3031
003-056,Coyoacán,Hermosillo,-99.1277,19.34649
003-057,Coyoacán,Huayamilpas,-99.15147,19.32785
003-058,Coyoacán,Insurgentes Cuicuilco,-99.18791,19.30589
003-059,Coyoacán,Jardines De Coyoacan,-99.12683,19.3138
003-060,Coyoacán,Jardines Del Pedregal De San Angel,-99.19809,19.30677
003-061,Coyoacán,Joyas Del Pedregal,-99.15797,19.30552
003-062,Coyoacán,La Otra Banda,-99.19691,19.33498
003-063,Coyoacán,Las Campanas,-99.1199,19.30783
003-064,Coyoacán,Los Cedros,-99.11313,19.31372
003-065,Coyoacán,Los Cipreses,-99.12864,19.31931
003-066,Coyoacán,Los Girasoles,-99.12306,19.30795
003-067,Coyoacán,Los Olivos,-99.13197,19.31337
003-068,Coyoacán,Los Sauces,-99.11858,19.3042
003-069,Coyoacán,Nueva Diaz Ordaz,-99.1461,19.32537
003-070,Coyoacán,Olimpica,-99.17005,19.30432
003-071,Coyoacán,Parque San Andres,-99.14828,19.34546
003-072,Coyoacán,Paseos De Taxqueña,-99.12501,19.34444
003-073,Coyoacán,Pedregal De Carrasco,-99.17153,19.30661
003-074,Coyoacán,Pedregal De Santa Ursula,-99.1536,19.31119
003-075,Coyoacán,Pedregal De Santo Domingo,-99.16697,19.32837
003-076,Coyoacán,Pedregal De Sn Francisco,-99.16722,19.33877
003-077,Coyoacán,Petrolera Taxqueña,-99.13272,19.33855
003-078,Coyoacán,Prado Churubusco,-99.12659,19.35475
003-079,Coyoacán,Prados De Coyoacan,-99.13476,19.32211
003-080,Coyoacán,Prados De Coyoacan,-99.13079,19.31717
003-081,Coyoacán,Presidentes Ejidales 1a Seccion,-99.12753,19.32637
003-082,Coyoacán,Presidentes Ejidales 2a Seccion,-99.12372,19.32573
003-083,Coyoacán,Pueblo De Los Reyes,-99.15492,19.33604
003-084,Coyoacán,Pueblo De Santa Ursula Coapa,-99.14784,19.3068
003-085,Coyoacán,Pueblo La Candelaria,-99.14868,19.33108
003-086,Coyoacán,Pueblo San Pablo Tepetlapa,-99.14132,19.32243
003-087,Coyoacán,Romero De Terreros,-99.17604,19.34141
003-088,Coyoacán,San Diego Churubusco,-99.14842,19.35449
003-089,Coyoacán,San Francisco Culhuacan Barrio De La Magdalena,-99.11818,19.34322
003-090,Coyoacán,San Francisco Culhuacan Barrio De San Francisco,-99.11637,19.33587
003-091,Coyoacán,San Francisco Culhuacan Barrio De San Juan,-99.12014,19.33907
003-092,Coyoacán,San Francisco Culhuacan Barrio De Santa Ana,-99.12116,19.33505
003-093,Coyoacán,San Mateo,-99.14865,19.35016
003-094,Coyoacán,Santa Cecilia,-99.11408,19.30692
003-095,Coyoacán,Viejo Ejido Santa Ursula Coapa,-99.14149,19.30469
003-096,Coyoacán,Villa Coyoacan,-99.16222,19.34735
003-097,Coyoacán,Villa Quietud,-99.10405,19.30356
003-098,Coyoacán,Xotepingo,-99.14067,19.32822
004-001,Cuajimalpa de Morelos,1ro De Mayo,-99.32355,19.33901
004-002,Cuajimalpa de Morelos,Abdias Garcia Soto,-99.29361,19.35096
004-003,Cuajimalpa de Morelos,Adolfo Lopez Mateos,-99.29655,19.36436
004-004,Cuajimalpa de Morelos,Agua Bendita,-99.30661,19.3611
004-005,Cuajimalpa de Morelos,Ahuatenco,-99.30372,19.36658
004-006,Cuajimalpa de Morelos,Amado Nervo,-99.29485,19.36864
004-007,Cuajimalpa de Morelos,Ampliacion El Yaqui,-99.28409,19.361
004-008,Cuajimalpa de Morelos,Ampliacion Memetla,-99.28541,19.35693
004-009,Cuajimalpa de Morelos,Bosques De Las Lomas,-99.25878,19.38872
004-010,Cuajimalpa de Morelos,Campestre Palo Alto,-99.25758,19.38089
004-011,Cuajimalpa de Morelos,Contadero,-99.29828,19.34438
004-012,Cuajimalpa de Morelos,Cooperativa Palo Alto,-99.25027,19.38553
004-013,Cuajimalpa de Morelos,Cruz Blanca,-99.32408,19.32039
004-014,Cuajimalpa de Morelos,Cuajimalpa,-99.29898,19.35777
004-015,Cuajimalpa de Morelos,El Ebano,-99.28863,19.37428
004-016,Cuajimalpa de Morelos,El Molinito,-99.2872,19.36157
004-017,Cuajimalpa de Morelos,El Molino,-99.28265,19.36558
004-018,Cuajimalpa de Morelos,El Tianguillo,-99.32091,19.32443
004-019,Cuajimalpa de Morelos,El Yaqui,-99.27751,19.36336
004-020,Cuajimalpa de Morelos,Granjas Navidad,-99.2844,19.37341
004-021,Cuajimalpa de Morelos,Granjas Palo Alto,-99.2534,19.38293
004-022,Cuajimalpa de Morelos,Jesus Del Monte,-99.29169,19.36478
004-023,Cuajimalpa de Morelos,La Manzanita,-99.29567,19.35903
004-024,Cuajimalpa de Morelos,La Pila,-99.33617,19.3101
004-025,Cuajimalpa de Morelos,La Venta,-99.31046,19.3344
004-026,Cuajimalpa de Morelos,Las Lajas,-99.33294,19.31484
004-027,Cuajimalpa de Morelos,Las Maromas,-99.33022,19.31942
004-028,Cuajimalpa de Morelos,Las Tinajas,-99.28568,19.35273
004-029,Cuajimalpa de Morelos,Locaxco,-99.29161,19.35389
004-030,Cuajimalpa de Morelos,Loma Del Padre,-99.31056,19.34575
004-031,Cuajimalpa de Morelos,Lomas De Memetla,-99.28791,19.35726
004-032,Cuajimalpa de Morelos,Lomas De Sn Pedro,-99.28773,19.35399
004-033,Cuajimalpa de Morelos,Lomas De Vista Hermosa,-99.27373,19.37696
004-034,Cuajimalpa de Morelos,Manzanastitla,-99.29734,19.3678
004-035,Cuajimalpa de Morelos,Memetla,-99.28711,19.3597
004-036,Cuajimalpa de Morelos,Pueblo San Lorenzo Acopilco,-99.3269,19.32985
004-037,Cuajimalpa de Morelos,Pueblo San Mateo Tlaltenango,-99.27941,19.34107
004-038,Cuajimalpa de Morelos,Pueblo San Pablo Chimalpa,-99.31774,19.35335
004-039,Cuajimalpa de Morelos,San Jose De Los Cedros,-99.28811,19.36879
004-040,Cuajimalpa de Morelos,San Pedro,-99.29838,19.36123
004-041,Cuajimalpa de Morelos,Santa Fe Cuajimalpa,-99.27122,19.35501
004-042,Cuajimalpa de Morelos,Tepetongo,-99.29049,19.37332
004-043,Cuajimalpa de Morelos,Xalpa,-99.33019,19.31325
004-044,Cuajimalpa de Morelos,Zacamulpa,-99.32361,19.35542
004-045,Cuajimalpa de Morelos,Zentlapatl,-99.30724,19.35398
005-001,Gustavo A. Madero,15 De Agosto,-99.10608,19.48476
005-002,Gustavo A. Madero,25 De Julio,-99.08127,19.49589
005-003,Gustavo A. Madero,6 De Junio,-99.12602,19.55011
005-004,Gustavo A. Madero,7 De Noviembre,-99.12018,19.46015
005-005,Gustavo A. Madero,Acueducto De Guadalupe,-99.15098,19.52706
005-006,Gustavo A. Madero,Ahuehuetes,-99.1305,19.54548
005-007,Gustavo A. Madero,Ampliacion Arboledas,-99.12575,19.56546
005-008,Gustavo A. Madero,Ampliacion Benito Juarez,-99.1378,19.5352
005-009,Gustavo A. Madero,Ampliacion Casas Aleman,-99.0848,19.4779
005-010,Gustavo A. Madero,Ampliacion Castillo Grande,-99.13676,19.53807
005-011,Gustavo A. Madero,Ampliacion Chalma De Guadalupe,-99.14801,19.55799
005-012,Gustavo A. Madero,Ampliacion Cocoyotes,-99.12794,19.5508
005-013,Gustavo A. Madero,Ampliacion Emiliano Zapata,-99.10573,19.46414
005-014,Gustavo A. Madero,Ampliacion Gabriel Hernandez,-99.10067,19.50476
005-015,Gustavo A. Madero,Ampliacion Guadalupe Proletaria,-99.15138,19.52132
005-016,Gustavo A. Madero,Ampliacion Malacates,-99.13016,19.57719
005-017,Gustavo A. Madero,Ampliacion Martires De Rio Blanco,-99.10721,19.46192
005-018,Gustavo A. Madero,Ampliacion Panamericana,-99.14101,19.47727
005-019,Gustavo A. Madero,Ampliacion Progreso Nacional,-99.15971,19.51602
005-020,Gustavo A. Madero,Ampliacion Providencia,-99.07001,19.47856
005-021,Gustavo A. Madero,Ampliacion San Juan De Aragon,-99.10532,19.47525
005-022,Gustavo A. Madero,Aragon Inguaran,-99.10678,19.47016
005-023,Gustavo A. Madero,Aragon La Villa,-99.11404,19.47951
005-024,Gustavo A. Madero,Arboledas,-99.12516,19.56127
005-025,Gustavo A. Madero,Barrio Candelaria Ticoman,-99.1373,19.52065
005-026,Gustavo A. Madero,Barrio Guadalupe Ticoman,-99.12711,19.51937
005-027,Gustavo A. Madero,Barrio La Laguna Ticoman,-99.12844,19.51159
005-028,Gustavo A. Madero,Barrio La Purisima Ticoman,-99.13848,19.5147
005-029,Gustavo A. Madero,Barrio San Juan Y Guadalupe Ticoman,-99.13055,19.52067
005-030,Gustavo A. Madero,Barrio San Rafael Ticoman,-99.12392,19.5159
005-031,Gustavo A. Madero,Belisario Dominguez,-99.1109,19.46266
005-032,Gustavo A. Madero,Benito Juarez,-99.13943,19.53248
005-033,Gustavo A. Madero,Bondojito,-99.11107,19.46746
005-034,Gustavo A. Madero,C T M Aragon,-99.05574,19.45301
005-035,Gustavo A. Madero,C T M Atzacoalco,-99.10066,19.50822
005-036,Gustavo A. Madero,C T M El Risco,-99.09564,19.50955
005-037,Gustavo A. Madero,Campestre Aragon,-99.07971,19.48539
005-038,Gustavo A. Madero,Capultitlan,-99.13377,19.47827
005-039,Gustavo A. Madero,Castillo Chico,-99.13609,19.54088
005-040,Gustavo A. Madero,Castillo Grande,-99.13856,19.53784
005-041,Gustavo A. Madero,Cerro Del Guerrero,-99.11126,19.50439
005-042,Gustavo A. Madero,Cerro Los Gachupines,-99.11374,19.49107
005-043,Gustavo A. Madero,Chalma De Guadalupe,-99.15114,19.55039
005-044,Gustavo A. Madero,Churubusco Tepeyac,-99.13801,19.48723
005-045,Gustavo A. Madero,Cocoyotes,-99.13123,19.54805
005-046,Gustavo A. Madero,Compositores Mexicanos,-99.14026,19.56551
005-047,Gustavo A. Madero,Constitucion De La Republica,-99.10057,19.48317
005-048,Gustavo A. Madero,Cuautepec Barrio Alto,-99.13388,19.55672
005-049,Gustavo A. Madero,Cuautepec De Madero,-99.13879,19.54544
005-050,Gustavo A. Madero,Cuchilla Del Tesoro,-99.05831,19.44828
005-051,Gustavo A. Madero,Cuchilla La Joya,-99.11094,19.45833
005-052,Gustavo A. Madero,D M Nacional,-99.0949,19.47831
005-053,Gustavo A. Madero,Defensores De La Republica,-99.14256,19.47505
005-054,Gustavo A. Madero,Del Bosque,-99.14342,19.5451
005-055,Gustavo A. Madero,Del Carmen,-99.1331,19.54298
005-056,Gustavo A. Madero,Del Obrero,-99.09095,19.50004
005-057,Gustavo A. Madero,Dinamita,-99.10386,19.4921
005-058,Gustavo A. Madero,El Arbolillo,-99.14105,19.53621
005-059,Gustavo A. Madero,El Coyol,-99.09118,19.48655
005-060,Gustavo A. Madero,El Olivo,-99.08581,19.47345
005-061,Gustavo A. Madero,El Tepetatal,-99.13778,19.56216
005-062,Gustavo A. Madero,Emiliano Zapata,-99.11833,19.46165
005-063,Gustavo A. Madero,Estanzuela,-99.1115,19.49055
005-064,Gustavo A. Madero,Estrella,-99.11661,19.47502
005-065,Gustavo A. Madero,Ex Ejido San Juan De Aragon Sector 32,-99.07783,19.46564
005-066,Gustavo A. Madero,Ex Ejido San Juan De Aragon Sector 33,-99.09184,19.46903
005-067,Gustavo A. Madero,Ex Escuela De Tiro,-99.09994,19.45324
005-068,Gustavo A. Madero,Faja De Oro,-99.10473,19.46621
005-069,Gustavo A. Madero,Fernando Casas Aleman,-99.09596,19.45238
005-070,Gustavo A. Madero,Ferrocarrilera,-99.09237,19.48209
005-071,Gustavo A. Madero,Forestal,-99.13098,19.56304
005-072,Gustavo A. Madero,Forestal I,-99.12749,19.56724
005-073,Gustavo A. Madero,Forestal Ii,-99.12602,19.56818
005-074,Gustavo A. Madero,Gabriel Hernandez,-99.09991,19.49812
005-075,Gustavo A. Madero,General Felipe Berriozabal,-99.12833,19.55522
005-076,Gustavo A. Madero,Gertrudis Sanchez 1a Seccion,-99.10391,19.47004
005-077,Gustavo A. Madero,Gertrudis Sanchez 2a Seccion,-99.09948,19.46586
005-078,Gustavo A. Madero,Gertrudis Sanchez 3a Seccion,-99.1017,19.46129
005-079,Gustavo A. Madero,Granjas Modernas,-99.10267,19.47878
005-080,Gustavo A. Madero,Guadalupe Insurgentes,-99.13242,19.47417
005-081,Gustavo A. Madero,Guadalupe Proletaria,-99.15565,19.52169
005-082,Gustavo A. Madero,Guadalupe Tepeyac,-99.12031,19.46813
005-083,Gustavo A. Madero,Guadalupe Victoria,-99.14104,19.47189
005-084,Gustavo A. Madero,Guadalupe Victoria Cuautepec,-99.1401,19.53924
005-085,Gustavo A. Madero,Heroe De Nacozari,-99.14363,19.47117
005-086,Gustavo A. Madero,Heroes De Cerro Prieto,-99.09823,19.45269
005-087,Gustavo A. Madero,Heroes De Chapultepec,-99.09148,19.47408
005-088,Gustavo A. Madero,Indeco,-99.08982,19.47349
005-089,Gustavo A. Madero,Industrial,-99.1258,19.47502
005-090,Gustavo A. Madero,Jorge Negrete,-99.14514,19.52788
005-091,Gustavo A. Madero,Juan Gonzalez Romero,-99.08945,19.50554
005-092,Gustavo A. Madero,Juventino Rosas,-99.1347,19.56272
005-093,Gustavo A. Madero,La Casilda,-99.12565,19.55601
005-094,Gustavo A. Madero,La Cruz,-99.10218,19.49254
005-095,Gustavo A. Madero,La Esmeralda,-99.08599,19.48614
005-096,Gustavo A. Madero,La Joya,-99.10893,19.45697
005-097,Gustavo A. Madero,La Joyita,-99.11693,19.46577
005-098,Gustavo A. Madero,La Lengueta,-99.1299,19.56976
005-099,Gustavo A. Madero,La Malinche,-99.10539,19.45241
005-100,Gustavo A. Madero,La Pastora,-99.13839,19.52686
005-101,Gustavo A. Madero,La Pradera,-99.06652,19.47644
005-102,Gustavo A. Madero,Li Legislatura,-99.09308,19.48352
005-103,Gustavo A. Madero,Lindavista Norte,-99.1271,19.4961
005-104,Gustavo A. Madero,Lindavista Sur,-99.13174,19.48992
005-105,Gustavo A. Madero,Lindavista Vallejo 1a Seccion,-99.15381,19.50073
005-106,Gustavo A. Madero,Lindavista Vallejo 2a Seccion,-99.14929,19.49637
005-107,Gustavo A. Madero,Lindavista Vallejo 3a Seccion,-99.14733,19.49215
005-108,Gustavo A. Madero,Loma La Palma,-99.14263,19.55488
005-109,Gustavo A. Madero,Lomas De Cuautepec,-99.13514,19.5688
005-110,Gustavo A. Madero,Luis Donaldo Colosio,-99.14551,19.56118
005-111,Gustavo A. Madero,Magdalena De Las Salinas,-99.13834,19.48257
005-112,Gustavo A. Madero,Malacates,-99.13257,19.57487
005-113,Gustavo A. Madero,Martin Carrera,-99.10769,19.48771
005-114,Gustavo A. Madero,Martires De Rio Blanco,-99.11381,19.4603
005-115,Gustavo A. Madero,Maximino Avila Camacho,-99.13729,19.47841
005-116,Gustavo A. Madero,Montevideo,-99.13699,19.48996
005-117,Gustavo A. Madero,Narciso Bassols,-99.05686,19.45627
005-118,Gustavo A. Madero,Nueva Atzacoalco,-99.08569,19.49868
005-119,Gustavo A. Madero,Nueva Industrial Vallejo,-99.14622,19.50508
005-120,Gustavo A. Madero,Nueva Tenochtitlan,-99.10349,19.45591
005-121,Gustavo A. Madero,Nueva Vallejo,-99.14985,19.49099
005-122,Gustavo A. Madero,Palmatitla,-99.13212,19.55175
005-123,Gustavo A. Madero,Panamericana,-99.14384,19.47919
005-124,Gustavo A. Madero,Parque Metropolitano,-99.1322,19.56721
005-125,Gustavo A. Madero,Planetario Lindavista,-99.14176,19.49515
005-126,Gustavo A. Madero,Pradera 2a Seccion,-99.06384,19.47241
005-127,Gustavo A. Madero,Prados De Cuautepec,-99.14195,19.56143
005-128,Gustavo A. Madero,Progreso Nacional,-99.15561,19.51909
005-129,Gustavo A. Madero,Providencia,-99.07103,19.48405
005-130,Gustavo A. Madero,Pueblo De Santiago Atzacoalco,-99.09672,19.49709
005-131,Gustavo A. Madero,Pueblo San Juan De Aragon,-99.08462,19.46905
005-132,Gustavo A. Madero,Residencial Acueducto De Guadalupe,-99.1499,19.52339
005-133,Gustavo A. Madero,Residencial La Escalera,-99.13645,19.50817
005-134,Gustavo A. Madero,Residencial Zacatenco,-99.1235,19.50148
005-135,Gustavo A. Madero,Rosas Del Tepeyac,-99.11546,19.48899
005-136,Gustavo A. Madero,Salvador Diaz Miron,-99.09768,19.48757
005-137,Gustavo A. Madero,San Antonio,-99.13734,19.5602
005-138,Gustavo A. Madero,San Bartolo Atepehuacan,-99.14333,19.49333
005-139,Gustavo A. Madero,San Felipe De Jesus,-99.07408,19.49561
005-140,Gustavo A. Madero,San Jose De La Escalera,-99.16551,19.52643
005-141,Gustavo A. Madero,San Jose Ticoman,-99.13292,19.50735
005-142,Gustavo A. Madero,San Juan De Aragon,-99.07253,19.46051
005-143,Gustavo A. Madero,San Juan De Aragon I Seccion,-99.09275,19.45945
005-144,Gustavo A. Madero,San Juan De Aragon Ii Seccion,-99.08518,19.45314
005-145,Gustavo A. Madero,San Juan De Aragon Iii Seccion,-99.07166,19.45149
005-146,Gustavo A. Madero,San Juan De Aragon Iv Seccion,-99.06601,19.45354
005-147,Gustavo A. Madero,San Juan De Aragon V Seccion,-99.0622,19.45449
005-148,Gustavo A. Madero,San Juan De Aragon Vi Seccion,-99.06664,19.46787
005-149,Gustavo A. Madero,San Juan De Aragon Vii Seccion,-99.07534,19.47268
005-150,Gustavo A. Madero,San Miguel,-99.13568,19.56002
005-151,Gustavo A. Madero,San Pedro El Chico,-99.09697,19.47158
005-152,Gustavo A. Madero,San Pedro Zacatenco,-99.12193,19.50632
005-153,Gustavo A. Madero,Santa Isabel Tola,-99.11461,19.49772
005-154,Gustavo A. Madero,Santa Maria Ticoman,-99.13183,19.51547
005-155,Gustavo A. Madero,Santa Rosa,-99.16987,19.52497
005-156,Gustavo A. Madero,Santiago Atepetlac,-99.16013,19.52472
005-157,Gustavo A. Madero,Siete Maravillas,-99.14482,19.51528
005-158,Gustavo A. Madero,Solidaridad Nacional,-99.15438,19.53262
005-159,Gustavo A. Madero,Tablas De San Agustin,-99.11285,19.4645
005-160,Gustavo A. Madero,Tepetates,-99.11455,19.49255
005-161,Gustavo A. Madero,Tepeyac Insurgentes,-99.12163,19.4849
005-162,Gustavo A. Madero,Tlacaelel,-99.14465,19.55953
005-163,Gustavo A. Madero,Tlacamaca,-99.13678,19.47436
005-164,Gustavo A. Madero,Tlalpexco,-99.12589,19.54583
005-165,Gustavo A. Madero,Torres Lindavista,-99.14493,19.51034
005-166,Gustavo A. Madero,Tres Estrellas,-99.11112,19.47227
005-167,Gustavo A. Madero,Triunfo De La Republica,-99.10784,19.49164
005-168,Gustavo A. Madero,U.habit. Cuchilla Del Tesoro,-99.0566,19.44715
005-169,Gustavo A. Madero,Valle De Madero,-99.13875,19.55032
005-170,Gustavo A. Madero,Valle Del Tepeyac,-99.14172,19.48792
005-171,Gustavo A. Madero,Vallejo,-99.1319,19.46668
005-172,Gustavo A. Madero,Vallejo Poniente,-99.14176,19.46786
005-173,Gustavo A. Madero,Vasco De Quiroga,-99.09454,19.49347
005-174,Gustavo A. Madero,Villa De Aragon,-99.05997,19.46752
005-175,Gustavo A. Madero,Villa Gustavo A Madero,-99.11367,19.48392
005-176,Gustavo A. Madero,Villa Hermosa,-99.09241,19.50197
005-177,Gustavo A. Madero,Vista Hermosa,-99.12264,19.54788
005-178,Gustavo A. Madero,Zona Escolar,-99.15023,19.53866
005-179,Gustavo A. Madero,Zona Escolar Oriente,-99.14406,19.5362
006-001,Iztacalco,Agricola Oriental,-99.07079,19.39528
006-002,Iztacalco,Agricola Pantitlan,-99.06471,19.41129
006-003,Iztacalco,Ampliacion Gabriel Ramos Millan,-99.09687,19.38657
006-004,Iztacalco,Barrio La Asuncion,-99.11949,19.3904
006-005,Iztacalco,Barrio Los Reyes,-99.11635,19.39623
006-006,Iztacalco,Barrio San Francisco Xicaltongo,-99.12507,19.39596
006-007,Iztacalco,Barrio San Miguel,-99.11662,19.39236
006-008,Iztacalco,Barrio San Pedro,-99.12918,19.39415
006-009,Iztacalco,Barrio Santa Cruz,-99.12025,19.38831
006-010,Iztacalco,Barrio Santiago Norte,-99.12462,19.39217
006-011,Iztacalco,Barrio Santiago Sur,-99.12544,19.38764
006-012,Iztacalco,Barrio Zapotla,-99.12121,19.39519
006-013,Iztacalco,Campamento 2 De Octubre,-99.11645,19.38472
006-014,Iztacalco,Carlos Zapata Vela,-99.09756,19.38255
006-015,Iztacalco,Cuchilla Agricola Oriental,-99.08065,19.4047
006-016,Iztacalco,El Rodeo,-99.08528,19.3934
006-017,Iztacalco,Ex-Ejido La Magdalena Mixhuca,-99.08869,19.39295
006-018,Iztacalco,Fraccionamiento Coyuya,-99.11495,19.40045
006-019,Iztacalco,Gabriel Ramos Millan,-99.10136,19.39267
006-020,Iztacalco,Gabriel Ramos Millan Secc Tlacotal,-99.10663,19.39573
006-021,Iztacalco,Gabriel Ramos Millan Seccion Bramadero,-99.09546,19.39219
006-022,Iztacalco,Gabriel Ramos Millan Seccion Cuchilla,-99.09201,19.38763
006-023,Iztacalco,Granjas Mexico,-99.09689,19.40224
006-024,Iztacalco,Infonavit Iztacalco,-99.10626,19.38411
006-025,Iztacalco,Inpi Picos,-99.10287,19.3875
006-026,Iztacalco,Jardines Tecma,-99.11692,19.38762
006-027,Iztacalco,Juventino Rosas,-99.10878,19.39178
006-028,Iztacalco,La Cruz,-99.11661,19.40393
006-029,Iztacalco,Los Picos De Iztacalco Seccion 1 A,-99.11463,19.38932
006-030,Iztacalco,Los Picos De Iztacalco Seccion 1 B,-99.11076,19.38905
006-031,Iztacalco,Los Picos De Iztacalco Seccion 2 A,-99.1067,19.38841
006-032,Iztacalco,Militar Marte,-99.12862,19.38101
006-033,Iztacalco,Nueva Santa Anita,-99.1269,19.39904
006-034,Iztacalco,Reforma Iztaccihuatl Norte,-99.12967,19.38645
006-035,Iztacalco,Reforma Iztaccihuatl Sur,-99.12879,19.37761
006-036,Iztacalco,Santa Anita,-99.12096,19.40118
006-037,Iztacalco,Tlazintla,-99.11181,19.39641
006-038,Iztacalco,Viaducto Piedad,-99.13117,19.40122
007-001,Iztapalapa,12 De Diciembre,-99.10034,19.32942
007-002,Iztapalapa,Albarrada,-99.06847,19.3579
007-003,Iztapalapa,Alvaro Obregon,-99.03623,19.37325
007-004,Iztapalapa,Ampliacion Bellavista,-99.06857,19.32978
007-005,Iztapalapa,Ampliacion El Santuario,-99.09483,19.35026
007-006,Iztapalapa,Ampliacion El Triunfo,-99.11624,19.3763
007-007,Iztapalapa,Ampliacion Emiliano Zapata,-98.9787,19.33895
007-008,Iztapalapa,Ampliacion Los Reyes,-99.10338,19.34518
007-009,Iztapalapa,Ampliacion Paraje San Juan,-99.06994,19.3377
007-010,Iztapalapa,Ampliacion Ricardo Flores Magon,-99.10066,19.35393
007-011,Iztapalapa,Ampliacion San Miguel,-99.06756,19.35257
007-012,Iztapalapa,Ampliacion Santa Maria Aztahuacan,-99.02991,19.34717
007-013,Iztapalapa,Ampliacion Sinatel,-99.13002,19.36547
007-014,Iztapalapa,Ampliacion Veracruzana,-99.08995,19.35095
007-015,Iztapalapa,Año De Juarez,-99.07323,19.31965
007-016,Iztapalapa,Apatlaco,-99.11612,19.38024
007-017,Iztapalapa,Banjidal,-99.13706,19.36268
007-018,Iztapalapa,Barranca De Guadalupe,-99.0212,19.3265
007-019,Iztapalapa,Barrio Guadalupe,-99.07143,19.31203
007-020,Iztapalapa,Barrio La Asuncion,-99.09219,19.36392
007-021,Iztapalapa,Barrio San Antonio,-99.07329,19.30575
007-022,Iztapalapa,Barrio San Antonio Culhuacan,-99.11259,19.34153
007-023,Iztapalapa,Barrio San Ignacio,-99.09675,19.36482
007-024,Iztapalapa,Barrio San Jose,-99.089,19.36498
007-025,Iztapalapa,Barrio San Lorenzo,-99.06915,19.30308
007-026,Iztapalapa,Barrio San Lucas,-99.09625,19.35894
007-027,Iztapalapa,Barrio San Miguel,-99.07769,19.35644
007-028,Iztapalapa,Barrio San Pablo,-99.08919,19.35867
007-029,Iztapalapa,Barrio San Pedro,-99.08497,19.36538
007-030,Iztapalapa,Barrio San Simon Culhuacan,-99.10317,19.33538
007-031,Iztapalapa,Barrio Santa Barbara,-99.10256,19.36147
007-032,Iztapalapa,Barrio Tula,-99.11237,19.33709
007-033,Iztapalapa,Bellavista,-99.0726,19.33043
007-034,Iztapalapa,Benito Juarez,-99.08074,19.32997
007-035,Iztapalapa,Buenavista,-99.02971,19.32757
007-036,Iztapalapa,Cacama,-99.12544,19.35917
007-037,Iztapalapa,Campestre Potrero,-98.97176,19.32844
007-038,Iztapalapa,Cananea,-99.07136,19.29295
007-039,Iztapalapa,Carlos Hank Gonzalez,-99.049,19.33139
007-040,Iztapalapa,Carlos Jonguitud Barrios,-99.09184,19.31231
007-041,Iztapalapa,Casa Blanca,-99.0673,19.33254
007-042,Iztapalapa,Celoalliotli,-99.07042,19.29004
007-043,Iztapalapa,Central De Abasto,-99.08941,19.37496
007-044,Iztapalapa,Cerro De La Estrella,-99.07753,19.32447
007-045,Iztapalapa,Chinampac De Juarez,-99.05116,19.37562
007-046,Iztapalapa,Citlalli,-99.02256,19.34105
007-047,Iztapalapa,Colonial Iztapalapa,-99.05545,19.34696
007-048,Iztapalapa,Consejo Agrarista Mexicano,-99.05664,19.32527
007-049,Iztapalapa,Constitucion De 1917,-99.06161,19.34922
007-050,Iztapalapa,Coop Allapetlalli,-99.06718,19.28875
007-051,Iztapalapa,Cuchilla Del Moral,-99.07255,19.38524
007-052,Iztapalapa,Degollado,-99.04214,19.31921
007-053,Iztapalapa,Degollado-Mexicatlalli,-99.03961,19.31825
007-054,Iztapalapa,Desarrollo Urbano Quetzalcoatl,-99.04176,19.32833
007-055,Iztapalapa,Dr Alfonso Ortiz Tirado,-99.07915,19.38542
007-056,Iztapalapa,Ejercito De Agua Prieta,-99.03411,19.3667
007-057,Iztapalapa,Ejercito De Oriente,-99.03539,19.38175
007-058,Iztapalapa,Ejercito De Oriente Zona Peñon,-99.02804,19.36866
007-059,Iztapalapa,El Eden,-99.01398,19.36487
007-060,Iztapalapa,El Manto,-99.08156,19.35018
007-061,Iztapalapa,El Mirador,-99.09935,19.33624
007-062,Iztapalapa,El Molino,-99.08814,19.35511
007-063,Iztapalapa,El Molino Tezonco,-99.0683,19.2971
007-064,Iztapalapa,El Paraiso,-99.0308,19.37675
007-065,Iztapalapa,El Prado,-99.13594,19.35795
007-066,Iztapalapa,El Retoño,-99.12516,19.37198
007-067,Iztapalapa,El Rodeo,-99.07169,19.33456
007-068,Iztapalapa,El Rosario,-99.06552,19.30179
007-069,Iztapalapa,El Santuario,-99.09328,19.35461
007-070,Iztapalapa,El Sifon,-99.1155,19.37172
007-071,Iztapalapa,El Triangulo,-99.05176,19.32211
007-072,Iztapalapa,El Triunfo,-99.1206,19.3778
007-073,Iztapalapa,El Vergel,-99.08456,19.31393
007-074,Iztapalapa,Ermita Zaragoza,-98.99797,19.36512
007-075,Iztapalapa,Escuadron 201,-99.11202,19.36339
007-076,Iztapalapa,Estado De Veracruz,-99.08855,19.35071
007-077,Iztapalapa,Estrella Culhuacan,-99.10726,19.33217
007-078,Iztapalapa,Estrella Del Sur,-99.10043,19.34927
007-079,Iztapalapa,Eva Samano De Lopez Mateos,-99.06788,19.35782
007-080,Iztapalapa,Francisco Villa,-99.0593,19.33718
007-081,Iztapalapa,Fuego Nuevo,-99.09954,19.33215
007-082,Iztapalapa,Granjas De San Antonio,-99.10715,19.3636
007-083,Iztapalapa,Granjas Esmeralda,-99.11696,19.35357
007-084,Iztapalapa,Granjas Estrella,-99.08765,19.32372
007-085,Iztapalapa,Guadalupe Del Moral,-99.07606,19.36807
007-086,Iztapalapa,Heroes De Churubusco,-99.11843,19.36152
007-087,Iztapalapa,Insurgentes,-99.05368,19.33114
007-088,Iztapalapa,Ixtlahuacan,-98.99834,19.34419
007-089,Iztapalapa,Jacarandas,-99.05188,19.34619
007-090,Iztapalapa,Jardines De Churubusco,-99.10664,19.3751
007-091,Iztapalapa,Jardines De San Lorenzo Tezonco,-99.07355,19.29632
007-092,Iztapalapa,Jose Lopez Portillo,-99.08199,19.30601
007-093,Iztapalapa,Jose Maria Morelos Y Pavon,-99.02709,19.37363
007-094,Iztapalapa,Juan Escutia,-99.0419,19.39115
007-095,Iztapalapa,Justo Sierra,-99.13483,19.36375
007-096,Iztapalapa,La Era,-99.05559,19.3403
007-097,Iztapalapa,La Esperanza,-99.07612,19.31328
007-098,Iztapalapa,La Planta,-99.06388,19.29426
007-099,Iztapalapa,La Regadera,-99.06406,19.35309
007-100,Iztapalapa,Las Peñas,-99.05057,19.33618
007-101,Iztapalapa,Leyes De Reforma 1a Seccion,-99.07107,19.36075
007-102,Iztapalapa,Leyes De Reforma 2a Seccion,-99.0678,19.36885
007-103,Iztapalapa,Leyes De Reforma 3a Seccion,-99.06988,19.37853
007-104,Iztapalapa,Lomas De La Estancia,-99.0094,19.33618
007-105,Iztapalapa,Lomas De San Lorenzo,-99.06532,19.31945
007-106,Iztapalapa,Lomas De Sta Cruz,-99.03541,19.33192
007-107,Iztapalapa,Lomas De Zaragoza,-98.99793,19.35377
007-108,Iztapalapa,Lomas El Manto,-99.0863,19.35038
007-109,Iztapalapa,Lomas Estrella,-99.09369,19.32029
007-110,Iztapalapa,Los Angeles,-99.06858,19.34523
007-111,Iztapalapa,Los Angeles Apanoaya,-99.06112,19.34086
007-112,Iztapalapa,Los Cipreses,-99.10839,19.35298
007-113,Iztapalapa,Los Picos,-99.10387,19.37952
007-114,Iztapalapa,Miguel De La Madrid Hurtado,-99.00292,19.34341
007-115,Iztapalapa,Minerva,-99.11023,19.35337
007-116,Iztapalapa,Miravalles,-98.99825,19.33241
007-117,Iztapalapa,Mixcoatl,-99.04797,19.32497
007-118,Iztapalapa,Monte Alban,-99.02103,19.35383
007-119,Iztapalapa,Nueva Rosita,-99.1062,19.37759
007-120,Iztapalapa,Palmitas,-99.02586,19.33534
007-121,Iztapalapa,Paraje San Juan,-99.07236,19.34219
007-122,Iztapalapa,Paraje San Juan Cerro,-99.08105,19.34633
007-123,Iztapalapa,Paraje Zacatepec,-99.01801,19.35569
007-124,Iztapalapa,Parque Nacional Cerro De La Estrella,-99.09225,19.34304
007-125,Iztapalapa,Paseos De Churubusco,-99.08741,19.38619
007-126,Iztapalapa,Plan De Iguala,-99.08527,19.35309
007-127,Iztapalapa,Polvorilla,-99.04613,19.31876
007-128,Iztapalapa,Presidentes De Mexico,-99.06087,19.33223
007-129,Iztapalapa,Progresista,-99.06478,19.35711
007-130,Iztapalapa,Progreso Del Sur,-99.11237,19.35311
007-131,Iztapalapa,Pueblo Aculco,-99.10447,19.37364
007-132,Iztapalapa,Pueblo Culhuacan,-99.10764,19.33817
007-133,Iztapalapa,Pueblo Los Reyes Culhuacan,-99.10952,19.34579
007-134,Iztapalapa,Pueblo Magdalena Atlazolpa,-99.11087,19.37589
007-135,Iztapalapa,Pueblo Mexicaltzingo,-99.1194,19.3576
007-136,Iztapalapa,Pueblo San Andres Tomatlan,-99.10515,19.32833
007-137,Iztapalapa,Pueblo San Juanico Nextipac,-99.11915,19.37424
007-138,Iztapalapa,Pueblo San Lorenzo Tezonco,-99.05861,19.31302
007-139,Iztapalapa,Pueblo San Lorenzo Xicotencatl,-99.02717,19.38361
007-140,Iztapalapa,Pueblo San Sebastian Tecoloxtitla,-99.01699,19.36202
007-141,Iztapalapa,Pueblo Santa Maria Aztahuacan,-99.02377,19.35037
007-142,Iztapalapa,Pueblo Santa Maria Tomatlan,-99.09899,19.32609
007-143,Iztapalapa,Pueblo Santa Martha Acatitla,-99.00852,19.36013
007-144,Iztapalapa,Pueblo Santiago Acahualtepec,-99.00387,19.35311
007-145,Iztapalapa,Pueblo Sta Cruz Meyehualco,-99.04177,19.34019
007-146,Iztapalapa,Puente Blanco,-99.06506,19.32764
007-147,Iztapalapa,Purisima Atlazolpa,-99.10857,19.38004
007-148,Iztapalapa,Real Del Moral,-99.08233,19.38875
007-149,Iztapalapa,Reforma Politica,-99.03099,19.33968
007-150,Iztapalapa,Renovacion,-99.05061,19.36706
007-151,Iztapalapa,Ricardo Flores Magon,-99.09797,19.35391
007-152,Iztapalapa,San Andres Tetepilco,-99.13156,19.37108
007-153,Iztapalapa,San Antonio Culhuacan,-99.10976,19.3338
007-154,Iztapalapa,San Jose Aculco,-99.09953,19.3769
007-155,Iztapalapa,San Jose Buenavista,-99.034,19.32361
007-156,Iztapalapa,San Juan Estrella,-99.07167,19.32841
007-157,Iztapalapa,San Juan Joya,-99.06537,19.33635
007-158,Iztapalapa,San Juan Xalpa,-99.08177,19.33492
007-159,Iztapalapa,San Miguel 8va Ampliacion,-99.07866,19.35129
007-160,Iztapalapa,San Miguel Teotongo (Secc La Cruz),-98.98906,19.34089
007-161,Iztapalapa,San Miguel Teotongo (Secc Las Torres),-98.99068,19.34846
007-162,Iztapalapa,San Miguel Teotongo Secc Acorralado,-98.99449,19.34633
007-163,Iztapalapa,San Miguel Teotongo Secc Avisadero,-98.98926,19.33667
007-164,Iztapalapa,San Miguel Teotongo Secc Capilla,-98.98803,19.34465
007-165,Iztapalapa,San Miguel Teotongo Secc Corrales,-98.99209,19.33799
007-166,Iztapalapa,San Miguel Teotongo Secc Guadalupe,-98.98333,19.3423
007-167,Iztapalapa,San Miguel Teotongo Secc Jardines,-98.99128,19.34547
007-168,Iztapalapa,San Miguel Teotongo Secc Loma Alta,-98.98585,19.33992
007-169,Iztapalapa,San Miguel Teotongo Secc Mercedes,-98.99321,19.34921
007-170,Iztapalapa,San Miguel Teotongo Secc Palmitas,-98.99228,19.34251
007-171,Iztapalapa,San Miguel Teotongo Secc Puente,-98.99144,19.35275
007-172,Iztapalapa,San Miguel Teotongo Secc Ranchito,-98.98635,19.3478
007-173,Iztapalapa,San Miguel Teotongo Secc Rancho Bajo,-98.98609,19.33618
007-174,Iztapalapa,San Miguel Teotongo Seccion Iztlahuaca,-98.99472,19.34281
007-175,Iztapalapa,San Nicolas Tolentino,-99.08596,19.33566
007-176,Iztapalapa,San Pablo,-99.00407,19.33404
007-177,Iztapalapa,Santa Isabel Industrial,-99.10513,19.35242
007-178,Iztapalapa,Santa Maria Aztahuacan,-99.03328,19.35719
007-179,Iztapalapa,Santa Maria Del Monte,-99.08951,19.35296
007-180,Iztapalapa,Santa Martha Acatitla Norte,-99.01298,19.37516
007-181,Iztapalapa,Santa Martha Acatitla Sur,-99.02055,19.36961
007-182,Iztapalapa,Santiago Acahualtepec 1a Ampliaciën,-99.00958,19.3524
007-183,Iztapalapa,Santiago Acahualtepec 2a Ampliacion,-99.0107,19.34719
007-184,Iztapalapa,Sector Popular,-99.11784,19.36658
007-185,Iztapalapa,Sideral,-99.06554,19.37363
007-186,Iztapalapa,Sinatel,-99.13226,19.36123
007-187,Iztapalapa,Tenorios,-99.02115,19.33079
007-188,Iztapalapa,Tepalcates,-99.05429,19.39142
007-189,Iztapalapa,Unidad Ejercito Constitucionalista,-99.05381,19.38554
007-190,Iztapalapa,Unidad Modelo,-99.12542,19.36376
007-191,Iztapalapa,Unidad Santa Cruz Meyehualco,-99.04371,19.3538
007-192,Iztapalapa,Unidad Vicente Guerrero,-99.05598,19.35801
007-193,Iztapalapa,Uscovi,-99.06838,19.29316
007-194,Iztapalapa,Valle De Luces,-99.10086,19.33993
007-195,Iztapalapa,Valle De San Lorenzo,-99.07822,19.29933
007-196,Iztapalapa,Valle Del Sur,-99.11491,19.34782
007-197,Iztapalapa,Xalpa,-99.01643,19.34001
007-198,Iztapalapa,Zacahuitzco,-99.13412,19.37451
008-001,La Magdalena Contreras,Ampliacion Lomas De San Bernabe,-99.26897,19.30785
008-002,La Magdalena Contreras,Ampliacion Potrerillo,-99.25901,19.30716
008-003,La Magdalena Contreras,Atacaxco,-99.25013,19.31523
008-004,La Magdalena Contreras,Barranca Seca,-99.23915,19.30605
008-005,La Magdalena Contreras,Barrio Las Calles,-99.2339,19.30356
008-006,La Magdalena Contreras,Barrio San Francisco,-99.23646,19.31228
008-007,La Magdalena Contreras,Barros Sierra,-99.24631,19.31677
008-008,La Magdalena Contreras,Cerro Del Judio - Av,-99.25186,19.32149
008-009,La Magdalena Contreras,Crescencio Juarez Chavira,-99.26155,19.30078
008-010,La Magdalena Contreras,Cuauhtemoc,-99.24326,19.32003
008-011,La Magdalena Contreras,El Ermitaño,-99.26478,19.30201
008-012,La Magdalena Contreras,El Maestro,-99.21175,19.33601
008-013,La Magdalena Contreras,El Ocotal,-99.25962,19.30275
008-014,La Magdalena Contreras,El Rosal,-99.25037,19.30971
008-015,La Magdalena Contreras,El Tanque,-99.25059,19.32527
008-016,La Magdalena Contreras,El Toro,-99.24602,19.31151
008-017,La Magdalena Contreras,Heroes De Padierna,-99.22448,19.31345
008-018,La Magdalena Contreras,Huayatla,-99.26236,19.30801
008-019,La Magdalena Contreras,La Carbonera,-99.25464,19.30073
008-020,La Magdalena Contreras,La Concepcion,-99.23467,19.30323
008-021,La Magdalena Contreras,La Cruz,-99.23447,19.3089
008-022,La Magdalena Contreras,La Guadalupe,-99.232,19.3066
008-023,La Magdalena Contreras,La Malinche,-99.24152,19.32317
008-024,La Magdalena Contreras,Las Cruces,-99.25512,19.32001
008-025,La Magdalena Contreras,Las Huertas,-99.23709,19.29543
008-026,La Magdalena Contreras,Lomas Quebradas,-99.24057,19.31511
008-027,La Magdalena Contreras,Los Padres,-99.24853,19.31987
008-028,La Magdalena Contreras,Palmas,-99.25097,19.31332
008-029,La Magdalena Contreras,Plazuela Del Pedregal,-99.23233,19.30397
008-030,La Magdalena Contreras,Potrerillo,-99.25286,19.30668
008-031,La Magdalena Contreras,Pueblo La Magdalena,-99.24527,19.3025
008-032,La Magdalena Contreras,Pueblo Nuevo Alto,-99.25305,19.30435
008-033,La Magdalena Contreras,Pueblo Nuevo Bajo,-99.24538,19.30636
008-034,La Magdalena Contreras,Pueblo San Bernabe Ocotepec,-99.25767,19.31388
008-035,La Magdalena Contreras,Pueblo San Nicolas Totolapan,-99.24698,19.29418
008-036,La Magdalena Contreras,San Bartolo Ameyalco,-99.2447,19.32698
008-037,La Magdalena Contreras,San Francisco,-99.2311,19.31172
008-038,La Magdalena Contreras,San Jeronimo Aculco,-99.22582,19.31839
008-039,La Magdalena Contreras,San Jeronimo Lidice,-99.22394,19.32664
008-040,La Magdalena Contreras,Santa Teresa,-99.22767,19.30967
008-041,La Magdalena Contreras,Tierra Unida,-99.26884,19.30356
008-042,La Magdalena Contreras,Vista Hermosa,-99.25351,19.3134
009-001,Milpa Alta,Barrio Centro,-99.06992,19.18808
009-002,Milpa Alta,Barrio Chalmita,-99.07299,19.18013
009-003,Milpa Alta,Barrio Cruztitla,-98.99798,19.21446
009-004,Milpa Alta,Barrio La Concepcion,-99.01994,19.18978
009-005,Milpa Alta,Barrio La Lupita Teticpac,-98.99555,19.17892
009-006,Milpa Alta,Barrio La Lupita Xolco,-99.00813,19.18267
009-007,Milpa Alta,Barrio La Luz,-99.02791,19.18748
009-008,Milpa Alta,Barrio Los Angeles,-99.02265,19.18868
009-009,Milpa Alta,Barrio Nochtla,-99.04704,19.20321
009-010,Milpa Alta,Barrio Ocotitla,-99.05258,19.19848
009-011,Milpa Alta,Barrio Panchimalco,-99.04474,19.19796
009-012,Milpa Alta,Barrio San Agustin,-99.015,19.18841
009-013,Milpa Alta,Barrio San Jose,-99.00163,19.17803
009-014,Milpa Alta,Barrio San Juan,-99.0666,19.18552
009-015,Milpa Alta,Barrio San Marcos,-98.9953,19.17084
009-016,Milpa Alta,Barrio San Mateo,-99.03032,19.1911
009-017,Milpa Alta,Barrio San Miguel,-99.07897,19.18555
009-018,Milpa Alta,Barrio San Miguel Pueblo Santa Ana Tlacotenco,-99.00103,19.17365
009-019,Milpa Alta,Barrio Santa Cruz,-99.01761,19.19972
009-020,Milpa Alta,Barrio Santa Martha,-99.02721,19.19763
009-021,Milpa Alta,Barrio Tecaxtitla,-98.99769,19.22477
009-022,Milpa Alta,Barrio Tenantitla,-98.9969,19.22079
009-023,Milpa Alta,Barrio Tula,-99.05213,19.20314
009-024,Milpa Alta,Barrio Xaltipac,-98.98292,19.21695
009-025,Milpa Alta,Barrio Xaltipac,-98.99238,19.22659
009-026,Milpa Alta,Barrio Xaltipac,-98.99041,19.21946
009-027,Milpa Alta,Barrio Xochitepetl,-98.98833,19.21256
009-028,Milpa Alta,La Conchita,-98.97118,19.20908
009-029,Milpa Alta,Pueblo San Agustin Ohtenco,-99.01221,19.19371
009-030,Milpa Alta,Pueblo San Bartolome Xicomulco,-99.06695,19.20653
009-031,Milpa Alta,Pueblo San Francisco Tecoxpa,-99.00515,19.19847
009-032,Milpa Alta,Pueblo San Jeronimo Miacatlan,-99.00442,19.19046
009-033,Milpa Alta,Pueblo San Juan Tepenahuac,-98.99591,19.18731
009-034,Milpa Alta,Pueblo San Lorenzo Tlacoyucan,-99.03385,19.17705
009-035,Milpa Alta,Pueblo San Salvador Cuauhtenco,-99.08931,19.19066
009-036,Milpa Alta,Villa Milpa Alta Centro,-99.02267,19.19192
010-001,Álvaro Obregón,1ra Ampliacion Presidentes,-99.22459,19.37703
010-002,Álvaro Obregón,1ra Seccion Cañada,-99.22734,19.38199
010-003,Álvaro Obregón,1ra Victoria,-99.19961,19.38703
010-004,Álvaro Obregón,2da Ampliacion Presidentes,-99.22766,19.37426
010-005,Álvaro Obregón,2da Del Moral Del Pueblo Tetelpan,-99.22378,19.34139
010-006,Álvaro Obregón,2da Seccion Cañada,-99.22561,19.38279
010-007,Álvaro Obregón,2do Reacomodo Tlacuitlapa,-99.23585,19.35453
010-008,Álvaro Obregón,8 De Agosto,-99.18947,19.39424
010-009,Álvaro Obregón,Abraham M Gonzalez,-99.20548,19.3864
010-010,Álvaro Obregón,Acueducto,-99.20343,19.3985
010-011,Álvaro Obregón,Acuilotla,-99.24406,19.35941
010-012,Álvaro Obregón,Alcantarilla,-99.24831,19.33801
010-013,Álvaro Obregón,Alfonso Xiii,-99.19528,19.37602
010-014,Álvaro Obregón,Altavista,-99.19967,19.34776
010-015,Álvaro Obregón,Ampliacion Acueducto,-99.20669,19.39698
010-016,Álvaro Obregón,Ampliacion Alpes,-99.20978,19.35673
010-017,Álvaro Obregón,Ampliacion El Capulin,-99.20911,19.3971
010-018,Álvaro Obregón,Ampliacion Estado De Hidalgo,-99.24159,19.36308
010-019,Álvaro Obregón,Ampliacion Jalalpa,-99.2333,19.37697
010-020,Álvaro Obregón,Ampliacion La Cebada,-99.23342,19.38015
010-021,Álvaro Obregón,Ampliacion La Mexicana,-99.2291,19.38345
010-022,Álvaro Obregón,Ampliacion Las Aguilas,-99.21991,19.34903
010-023,Álvaro Obregón,Ampliacion Los Pirules,-99.24325,19.36195
010-024,Álvaro Obregón,Ampliacion Piloto Adolfo Lopez Mateos,-99.2264,19.37181
010-025,Álvaro Obregón,Ampliacion Tepeaca,-99.23424,19.36075
010-026,Álvaro Obregón,Ampliacion Tlacuitlapa,-99.24159,19.35356
010-027,Álvaro Obregón,Arcos Centenario,-99.22752,19.35982
010-028,Álvaro Obregón,Arturo Martinez,-99.2172,19.38673
010-029,Álvaro Obregón,Arvide,-99.20469,19.38232
010-030,Álvaro Obregón,Atlamaya,-99.20255,19.34915
010-031,Álvaro Obregón,Ave Real,-99.23688,19.3616
010-032,Álvaro Obregón,Balcones De Cehuayo,-99.2418,19.35746
010-033,Álvaro Obregón,Barrio Alfalfar,-99.20045,19.37571
010-034,Álvaro Obregón,Barrio La Otra Banda,-99.1972,19.33607
010-035,Álvaro Obregón,Barrio Loreto,-99.19238,19.3403
010-036,Álvaro Obregón,Barrio Norte,-99.20732,19.37864
010-037,Álvaro Obregón,Barrio Santa Maria Nonoalco,-99.19301,19.38078
010-038,Álvaro Obregón,Bejero Del Pueblo Santa Fe,-99.24558,19.38087
010-039,Álvaro Obregón,Belem De Las Flores,-99.21522,19.39637
010-040,Álvaro Obregón,Bellavista,-99.193,19.39666
010-041,Álvaro Obregón,Bonanza,-99.21488,19.38616
010-042,Álvaro Obregón,Bosque,-99.19671,19.39298
010-043,Álvaro Obregón,Calzada Jalalpa,-99.22443,19.38151
010-044,Álvaro Obregón,Campestre,-99.19218,19.35577
010-045,Álvaro Obregón,Canutillo,-99.2304,19.36149
010-046,Álvaro Obregón,Canutillo 2da Seccion,-99.22637,19.3631
010-047,Álvaro Obregón,Canutillo 3ra Seccion,-99.22656,19.36312
010-048,Álvaro Obregón,Carlos A Madrazo,-99.24935,19.37944
010-049,Álvaro Obregón,Carola,-99.19509,19.38583
010-050,Álvaro Obregón,Cehuaya,-99.24288,19.35935
010-051,Álvaro Obregón,Chimalistac,-99.18647,19.3446
010-052,Álvaro Obregón,Colina Del Sur,-99.22609,19.36689
010-053,Álvaro Obregón,Colinas De Tarango,-99.22017,19.3617
010-054,Álvaro Obregón,Cooperativa Union Olivos,-99.25009,19.36425
010-055,Álvaro Obregón,Corpus Christy,-99.24751,19.36072
010-056,Álvaro Obregón,Cove,-99.1973,19.40129
010-057,Álvaro Obregón,Cristo Rey,-99.20533,19.38904
010-058,Álvaro Obregón,Cuevitas,-99.22403,19.38766
010-059,Álvaro Obregón,Desarrollo Urbano,-99.22114,19.38172
010-060,Álvaro Obregón,Dos Rios Del Pueblo De Santa Lucia,-99.2458,19.35728
010-061,Álvaro Obregón,Ejido San Mateo,-99.26112,19.34445
010-062,Álvaro Obregón,El Arbol,-99.23582,19.38023
010-063,Álvaro Obregón,El Bosque 2a Secc,-99.20024,19.39139
010-064,Álvaro Obregón,El Capulin,-99.2118,19.39612
010-065,Álvaro Obregón,El Cuernito,-99.21847,19.38984
010-066,Álvaro Obregón,El Encino Del Pueblo Tetelpan,-99.22932,19.34383
010-067,Álvaro Obregón,El Mirador Del Pueblo Tetelpan,-99.22616,19.34482
010-068,Álvaro Obregón,El Piru 2da Ampliacion,-99.24209,19.37973
010-069,Álvaro Obregón,El Piru Santa Fe,-99.24072,19.37981
010-070,Álvaro Obregón,El Pirul,-99.21748,19.38036
010-071,Álvaro Obregón,El Pocito,-99.2103,19.38245
010-072,Álvaro Obregón,El Politoco,-99.2448,19.36251
010-073,Álvaro Obregón,El Rincon,-99.24526,19.354
010-074,Álvaro Obregón,El Rodeo,-99.20854,19.38053
010-075,Álvaro Obregón,El Ruedo,-99.24001,19.35145
010-076,Álvaro Obregón,El Tejocote,-99.21689,19.38249
010-077,Álvaro Obregón,Ermita Tizapan,-99.20316,19.33753
010-078,Álvaro Obregón,Estado De Hidalgo,-99.24194,19.36654
010-079,Álvaro Obregón,Ex-Hacienda De Guadalupe Chimalistac,-99.18253,19.34985
010-080,Álvaro Obregón,Ex Hacienda De Tarango,-99.22396,19.36091
010-081,Álvaro Obregón,Ex Hacienda De Tarango,-99.22295,19.36269
010-082,Álvaro Obregón,Flor De Maria,-99.21009,19.35
010-083,Álvaro Obregón,Florida,-99.18043,19.35729
010-084,Álvaro Obregón,Francisco Villa,-99.20205,19.3846
010-085,Álvaro Obregón,Galeana,-99.22427,19.37106
010-086,Álvaro Obregón,Garcimarrero,-99.23687,19.36717
010-087,Álvaro Obregón,Golondrinas,-99.21185,19.37903
010-088,Álvaro Obregón,Golondrinas 1ra Seccion,-99.21143,19.38064
010-089,Álvaro Obregón,Golondrinas 2da Seccion,-99.216,19.37715
010-090,Álvaro Obregón,Guadalupe Inn,-99.1872,19.35684
010-091,Álvaro Obregón,Heron Proal,-99.22957,19.35792
010-092,Álvaro Obregón,Hidalgo,-99.20816,19.399
010-093,Álvaro Obregón,Hogar Y Redencion,-99.21227,19.37025
010-094,Álvaro Obregón,Hueytlale,-99.22557,19.36246
010-095,Álvaro Obregón,Isidro Fabela,-99.20908,19.38627
010-096,Álvaro Obregón,Jalalpa El Grande,-99.2432,19.36869
010-097,Álvaro Obregón,Jalalpa Tepito,-99.22906,19.3795
010-098,Álvaro Obregón,Jalalpa Tepito 2da Ampliacion,-99.234,19.37491
010-099,Álvaro Obregón,Jardines Del Pedregal,-99.2072,19.31972
010-100,Álvaro Obregón,Jose Maria Pino Suarez,-99.19703,19.39643
010-101,Álvaro Obregón,La Angostura,-99.2374,19.33243
010-102,Álvaro Obregón,La Araña,-99.24035,19.36346
010-103,Álvaro Obregón,La Cascada,-99.20052,19.36947
010-104,Álvaro Obregón,La Conchita,-99.20782,19.39147
010-105,Álvaro Obregón,La Estrella,-99.22848,19.38541
010-106,Álvaro Obregón,La Herradura Del Pueblo Tetelpan,-99.21062,19.34446
010-107,Álvaro Obregón,La Huerta,-99.23955,19.37968
010-108,Álvaro Obregón,La Joya,-99.20948,19.3847
010-109,Álvaro Obregón,La Joyita Del Pueblo Tetelpan,-99.23451,19.3422
010-110,Álvaro Obregón,La Martinica,-99.22596,19.35933
010-111,Álvaro Obregón,La Mexicana,-99.23236,19.38176
010-112,Álvaro Obregón,La Mexicana 2da Ampliacion,-99.23222,19.37906
010-113,Álvaro Obregón,La Milagrosa,-99.23816,19.35135
010-114,Álvaro Obregón,La Palmita,-99.22614,19.38437
010-115,Álvaro Obregón,La Peñita Del Pueblo Tetelpan,-99.23062,19.34272
010-116,Álvaro Obregón,La Presa,-99.21203,19.38222
010-117,Álvaro Obregón,Ladera,-99.23716,19.38062
010-118,Álvaro Obregón,Las Aguilas,-99.20411,19.35761
010-119,Álvaro Obregón,Las Aguilas 1ra Seccion,-99.21352,19.35792
010-120,Álvaro Obregón,Las Aguilas 2do Parque,-99.22553,19.35498
010-121,Álvaro Obregón,Las Aguilas 3er Parque,-99.22029,19.35246
010-122,Álvaro Obregón,Las Americas,-99.20498,19.4003
010-123,Álvaro Obregón,Liberacion Proletaria,-99.22982,19.38136
010-124,Álvaro Obregón,Liberales De 1857,-99.21253,19.39353
010-125,Álvaro Obregón,Llano Redondo,-99.24445,19.35566
010-126,Álvaro Obregón,Lomas Axomiatla,-99.25415,19.34172
010-127,Álvaro Obregón,Lomas De Becerra,-99.21962,19.38481
010-128,Álvaro Obregón,Lomas De Capula,-99.21585,19.37968
010-129,Álvaro Obregón,Lomas De Chamontoya,-99.26869,19.31642
010-130,Álvaro Obregón,Lomas De Guadalupe,-99.24326,19.34258
010-131,Álvaro Obregón,Lomas De La Era,-99.26219,19.32195
010-132,Álvaro Obregón,Lomas De Las Aguilas,-99.23611,19.3453
010-133,Álvaro Obregón,Lomas De Los Angeles Pueblo Tetelpan,-99.21436,19.34351
010-134,Álvaro Obregón,Lomas De Los Cedros,-99.25744,19.32531
010-135,Álvaro Obregón,Lomas De Nuevo Mexico,-99.23478,19.3819
010-136,Álvaro Obregón,Lomas De Plateros,-99.20001,19.36839
010-137,Álvaro Obregón,Lomas De Puerta Grande,-99.23319,19.35737
010-138,Álvaro Obregón,Lomas De San Angel Inn,-99.2059,19.34402
010-139,Álvaro Obregón,Lomas De San Bernabe,-99.2641,19.31219
010-140,Álvaro Obregón,Lomas De Santa Fe,-99.2411,19.38691
010-141,Álvaro Obregón,Lomas De Tarango,-99.21341,19.36197
010-142,Álvaro Obregón,Los Alpes,-99.19409,19.36037
010-143,Álvaro Obregón,Los Cedros,-99.2385,19.36414
010-144,Álvaro Obregón,Los Gamitos,-99.23858,19.37921
010-145,Álvaro Obregón,Los Juristas,-99.2356,19.35591
010-146,Álvaro Obregón,Margarita Maza De Juarez,-99.2363,19.38178
010-147,Álvaro Obregón,Maria G De Garcia Ruiz,-99.21184,19.38765
010-148,Álvaro Obregón,Martires De Tacubaya,-99.21357,19.38707
010-149,Álvaro Obregón,Merced Gomez,-99.20209,19.36518
010-150,Álvaro Obregón,Miguel Gaona Armenta,-99.25151,19.35521
010-151,Álvaro Obregón,Miguel Hidalgo,-99.21552,19.33649
010-152,Álvaro Obregón,Minas Cristo Rey,-99.20132,19.37938
010-153,Álvaro Obregón,Molino De Rosas,-99.19971,19.37203
010-154,Álvaro Obregón,Molino De Santo Domingo,-99.20627,19.39403
010-155,Álvaro Obregón,Ocotillos Del Pueblo Tetelpan,-99.23807,19.34085
010-156,Álvaro Obregón,Olivar De Los Padres,-99.22701,19.33703
010-157,Álvaro Obregón,Olivar Del Conde 1ra Seccion,-99.20629,19.37415
010-158,Álvaro Obregón,Olivar Del Conde 2da Seccion,-99.21805,19.37239
010-159,Álvaro Obregón,Palmas,-99.21291,19.37638
010-160,Álvaro Obregón,Palmas Axotitla,-99.23655,19.35276
010-161,Álvaro Obregón,Paraiso,-99.21253,19.39059
010-162,Álvaro Obregón,Paseo De Las Lomas,-99.26699,19.37083
010-163,Álvaro Obregón,Piloto Adolfo Lopez Mateos,-99.23211,19.3724
010-164,Álvaro Obregón,Piru Santa Lucia,-99.24294,19.36271
010-165,Álvaro Obregón,Polvora,-99.20499,19.3926
010-166,Álvaro Obregón,Ponciano Arriaga,-99.22769,19.35826
010-167,Álvaro Obregón,Preconcreto,-99.21194,19.37392
010-168,Álvaro Obregón,Presidentes,-99.22128,19.37853
010-169,Álvaro Obregón,Profesor J Arturo Lopez Martinez,-99.22004,19.35958
010-170,Álvaro Obregón,Progreso Tizapan,-99.20492,19.33986
010-171,Álvaro Obregón,Pueblo Axotla,-99.1752,19.35811
010-172,Álvaro Obregón,Pueblo Nuevo,-99.23839,19.38172
010-173,Álvaro Obregón,Pueblo San Bartolo Ameyalco,-99.27143,19.32992
010-174,Álvaro Obregón,Pueblo Santa Fe,-99.23235,19.38901
010-175,Álvaro Obregón,Pueblo Santa Lucia,-99.25419,19.35562
010-176,Álvaro Obregón,Pueblo Santa Lucia Chantepec,-99.23927,19.35956
010-177,Álvaro Obregón,Pueblo Santa Rosa Xochiac,-99.28898,19.32448
010-178,Álvaro Obregón,Pueblo Tetelpan,-99.23112,19.34054
010-179,Álvaro Obregón,Pueblo Tizapan,-99.20167,19.33686
010-180,Álvaro Obregón,Pueblo Tlacopac,-99.19678,19.35366
010-181,Álvaro Obregón,Puente Colorado,-99.23041,19.34718
010-182,Álvaro Obregón,Puerta Grande,-99.23199,19.35602
010-183,Álvaro Obregón,Punta De Ceguaya,-99.24139,19.36067
010-184,Álvaro Obregón,Rancho Del Carmen Del Pueblo San Bartolo Ameyalco,-99.25446,19.3324
010-185,Álvaro Obregón,Rancho San Francisco Del Pblo San Bartolo Ameyalco,-99.25824,19.33295
010-186,Álvaro Obregón,Reacomodo El Cuernito,-99.20872,19.38276
010-187,Álvaro Obregón,Reacomodo Pino Suarez,-99.20381,19.39594
010-188,Álvaro Obregón,Reacomodo Valentin Gomez Farias,-99.23319,19.35942
010-189,Álvaro Obregón,Real Del Monte,-99.20168,19.39648
010-190,Álvaro Obregón,Rincon De La Bolsa,-99.25224,19.33206
010-191,Álvaro Obregón,Rinconada De Tarango,-99.22218,19.36278
010-192,Álvaro Obregón,Rinconada Las Cuevitas,-99.23816,19.35734
010-193,Álvaro Obregón,Sacramento,-99.19632,19.38169
010-194,Álvaro Obregón,San Agustin Del Pueblo Tetelpan,-99.21798,19.34511
010-195,Álvaro Obregón,San Angel,-99.19323,19.3461
010-196,Álvaro Obregón,San Angel Inn,-99.19711,19.34951
010-197,Álvaro Obregón,San Clemente Norte,-99.22604,19.35019
010-198,Álvaro Obregón,San Clemente Sur,-99.22578,19.34768
010-199,Álvaro Obregón,San Gabriel,-99.2516,19.38173
010-200,Álvaro Obregón,San Jeronimo Aculco,-99.22032,19.3183
010-201,Álvaro Obregón,San Jose Del Olivar,-99.22622,19.33813
010-202,Álvaro Obregón,San Pedro De Los Pinos,-99.1915,19.39111
010-203,Álvaro Obregón,Santa Fe,-99.25661,19.371
010-204,Álvaro Obregón,Santa Fe Centro Ciudad,-99.26364,19.36629
010-205,Álvaro Obregón,Santa Fe La Loma,-99.2506,19.36988
010-206,Álvaro Obregón,Santa Fe Peña Blanca,-99.26051,19.37278
010-207,Álvaro Obregón,Santa Fe Tlayapaca,-99.25793,19.35976
010-208,Álvaro Obregón,Santa Lucia Chantepec,-99.23481,19.35243
010-209,Álvaro Obregón,Tarango,-99.24412,19.34843
010-210,Álvaro Obregón,Tecalcapa Del Pueblo Tetelpan,-99.22464,19.34567
010-211,Álvaro Obregón,Tecolalco,-99.23713,19.37896
010-212,Álvaro Obregón,Tepeaca,-99.23656,19.35874
010-213,Álvaro Obregón,Tepopotla,-99.25124,19.36232
010-214,Álvaro Obregón,Tizampampano Del Pueblo Tetelpan,-99.22053,19.34189
010-215,Álvaro Obregón,Tlacoyaque,-99.26859,19.32232
010-216,Álvaro Obregón,Tlacuitlapa,-99.24134,19.35274
010-217,Álvaro Obregón,Tlapechico,-99.24439,19.37849
010-218,Álvaro Obregón,Tolteca,-99.19714,19.39055
010-219,Álvaro Obregón,Torres De Potrero,-99.24775,19.33128
010-220,Álvaro Obregón,Villa Progresista,-99.24247,19.35568
010-221,Álvaro Obregón,Villa Solidaridad,-99.21961,19.38325
010-222,Álvaro Obregón,Villa Verdun,-99.25713,19.33883
010-223,Álvaro Obregón,Zenon Delgado,-99.2158,19.3886
010-224,Álvaro Obregón,Zona Federal,-99.23521,19.36322
010-225,Álvaro Obregón,Zona Federal,-99.21495,19.36727
011-001,Tláhuac,Agricola Metropolitana,-99.05253,19.29027
011-002,Tláhuac,Ampliacion  Zapotitla,-99.03656,19.3098
011-003,Tláhuac,Ampliacion Jose Lopez Portillo,-99.01872,19.30283
011-004,Tláhuac,Ampliacion La Conchita,-99.0011,19.23681
011-005,Tláhuac,Ampliacion Los Olivos,-99.05441,19.30798
011-006,Tláhuac,Ampliacion Santa Catarina,-98.9625,19.31887
011-007,Tláhuac,Ampliacion Selene,-98.9945,19.28919
011-008,Tláhuac,Barrio Guadalupe Sta Catarina Yec,-98.97161,19.31054
011-009,Tláhuac,Barrio La Asuncion,-99.00535,19.27379
011-010,Tláhuac,Barrio La Concepcion Pueblo San Juan Ixtayopan,-98.99755,19.24123
011-011,Tláhuac,Barrio La Guadalupe,-98.96738,19.31819
011-012,Tláhuac,Barrio La Guadalupe Pueblo San Pedro Tlahuac,-99.00923,19.26764
011-013,Tláhuac,Barrio La Magdalena,-99.00356,19.26777
011-014,Tláhuac,Barrio La Soledad Del Pueblo  San Juan Ixtayopan,-98.9956,19.23745
011-015,Tláhuac,Barrio Los Reyes,-99.00577,19.26422
011-016,Tláhuac,Barrio Los Reyes,-98.96583,19.22845
011-017,Tláhuac,Barrio San Agustin,-98.96784,19.22349
011-018,Tláhuac,Barrio San Agustin Pueblo San Juan Ixtayopan,-98.99991,19.24517
011-019,Tláhuac,Barrio San Andres,-99.00122,19.26404
011-020,Tláhuac,Barrio San Bartolome,-98.96013,19.2264
011-021,Tláhuac,Barrio San Juan,-99.00743,19.2714
011-022,Tláhuac,Barrio San Mateo,-99.00101,19.27143
011-023,Tláhuac,Barrio San Miguel,-99.03253,19.30584
011-024,Tláhuac,Barrio San Miguel,-98.97101,19.30748
011-025,Tláhuac,Barrio San Miguel,-98.96318,19.22241
011-026,Tláhuac,Barrio San Miguel Pueblo San Pedro Tlahuac,-99.00086,19.2677
011-027,Tláhuac,Barrio Santa Ana,-99.00766,19.26935
011-028,Tláhuac,Barrio Santa Ana Centro,-99.03898,19.29765
011-029,Tláhuac,Barrio Santa Ana Norte,-99.03816,19.30373
011-030,Tláhuac,Barrio Santa Ana Poniente,-99.04551,19.30194
011-031,Tláhuac,Barrio Santa Ana Sur,-99.0391,19.29496
011-032,Tláhuac,Barrio Santa Cruz,-98.95258,19.2247
011-033,Tláhuac,Barrio Santiago,-98.96481,19.31461
011-034,Tláhuac,Barrio Santiago Centro Del Pueblo Santiago Zapotitlan,-99.02906,19.29877
011-035,Tláhuac,Barrio Santiago Norte Del Pueblo Santiago Zapotitlan,-99.03128,19.3015
011-036,Tláhuac,Barrio Santiago Sur,-99.03175,19.29511
011-037,Tláhuac,Chichilaula,-98.96889,19.31581
011-038,Tláhuac,Del Mar,-99.06057,19.28735
011-039,Tláhuac,El Rosario,-99.00425,19.24152
011-040,Tláhuac,El Triangulo,-99.02262,19.28781
011-041,Tláhuac,El Triangulo Del Pblo. De Sn. Fco. Tlaltenco,-99.01177,19.28468
011-042,Tláhuac,Francisco Villa,-99.00243,19.24917
011-043,Tláhuac,Granjas Cabrera,-99.06286,19.29989
011-044,Tláhuac,Guadalupe Tlaltenco,-99.01137,19.2941
011-045,Tláhuac,Jaime Torres Bodet,-98.99966,19.23073
011-046,Tláhuac,Jardines Del Llano,-98.98864,19.23173
011-047,Tláhuac,La Asuncion,-98.99437,19.24232
011-048,Tláhuac,La Concepcion,-98.96645,19.31054
011-049,Tláhuac,La Conchita Zapotitlan,-99.03533,19.28421
011-050,Tláhuac,La Draga,-99.04232,19.28393
011-051,Tláhuac,La Estacion,-99.04247,19.31145
011-052,Tláhuac,La Habana,-98.99598,19.26772
011-053,Tláhuac,La Lupita,-98.99628,19.24779
011-054,Tláhuac,La Meza,-98.96994,19.31738
011-055,Tláhuac,La Nopalera,-99.05309,19.29812
011-056,Tláhuac,La Turba,-99.05862,19.29525
011-057,Tláhuac,Las Arboledas,-99.04981,19.3078
011-058,Tláhuac,Lopez Portillo Del Pueblo San Francisco Tlaltenco,-99.02158,19.30221
011-059,Tláhuac,Los Olivos,-99.05915,19.3005
011-060,Tláhuac,Miguel Hidalgo,-99.04645,19.29171
011-061,Tláhuac,Ojo De Agua,-99.01283,19.28955
011-062,Tláhuac,Peña Alta,-99.00552,19.23075
011-063,Tláhuac,Potrero Del Llano,-98.99297,19.23123
011-064,Tláhuac,Pueblo San Francisco Tlaltenco,-99.01496,19.29653
011-065,Tláhuac,Pueblo San Nicolas Tetelco,-98.97107,19.21593
011-066,Tláhuac,Pueblo Santa Catarina Yecahuizotl,-98.9709,19.31391
011-067,Tláhuac,Pueblo Tulyehualco,-99.02118,19.26526
011-068,Tláhuac,Quiahuatla,-99.00464,19.26065
011-069,Tláhuac,San Isidro,-99.01223,19.25954
011-070,Tláhuac,San Jose Tlahuac Del Pueblo San Pedro Tlahuac,-98.99657,19.27602
011-071,Tláhuac,San Sebastian Del Pueblo San Pedro Tlahuac,-99.00754,19.25627
011-072,Tláhuac,Santa Cecilia,-99.00641,19.27917
011-073,Tláhuac,Selene,-99.00495,19.28495
011-074,Tláhuac,Selene Del Pueblo San Francisco Tlaltenco,-99.00363,19.29193
011-075,Tláhuac,Tempiluli,-99.02832,19.27887
011-076,Tláhuac,Teozoma,-98.97113,19.31964
011-077,Tláhuac,Tepantitlamilco,-98.97065,19.21977
011-078,Tláhuac,Tierra Blanca,-99.0023,19.23886
011-079,Tláhuac,Villa Centroamericana,-99.05384,19.28253
011-080,Tláhuac,Zacatenco,-99.02327,19.2962
011-081,Tláhuac,Zapotitla,-99.03878,19.30966
012-001,Tlalpan,2 De Octubre,-99.23053,19.27215
012-002,Tlalpan,A M S A,-99.13893,19.28491
012-003,Tlalpan,Ampliacion Fuentes Del Pedregal,-99.21497,19.30215
012-004,Tlalpan,Ampliacion Isidro Fabela,-99.17081,19.29739
012-005,Tlalpan,Arboledas  Del Sur,-99.1392,19.29282
012-006,Tlalpan,Arenal De Guadalupe,-99.14553,19.28778
012-007,Tlalpan,Arenal Tepepan,-99.15004,19.28558
012-008,Tlalpan,Barrio De Caramaguey,-99.18369,19.29292
012-009,Tlalpan,Barrio Del Niño Jesus,-99.16101,19.28675
012-010,Tlalpan,Barrio El Capulin,-99.19014,19.28244
012-011,Tlalpan,Barrio El Truenito,-99.16908,19.27756
012-012,Tlalpan,Barrio La Fama,-99.17722,19.29024
012-013,Tlalpan,Barrio La Lonja,-99.18041,19.29205
012-014,Tlalpan,Barrio San Fernando,-99.17757,19.29684
012-015,Tlalpan,Belisario Dominguez,-99.13432,19.30588
012-016,Tlalpan,Belisario Dominguez Seccion Xvi,-99.15639,19.29096
012-017,Tlalpan,Belvedere Ajusco,-99.22703,19.26881
012-018,Tlalpan,Bosques De Tepeximilpa,-99.18934,19.27579
012-019,Tlalpan,Bosques Del Pedregal,-99.23921,19.2721
012-020,Tlalpan,Cantera Puente De Piedra,-99.16489,19.29765
012-021,Tlalpan,Chichicaspatl,-99.24352,19.27561
012-022,Tlalpan,Chimalli,-99.14357,19.29322
012-023,Tlalpan,Chimilli,-99.21791,19.26958
012-024,Tlalpan,Club De Golf Mexico,-99.15581,19.28034
012-025,Tlalpan,Colinas Del Ajusco,-99.21946,19.2867
012-026,Tlalpan,Colinas Del Bosque,-99.14892,19.27784
012-027,Tlalpan,Comuneros De Santa Ursula,-99.16407,19.30051
012-028,Tlalpan,Cruz Del Farol,-99.21077,19.2688
012-029,Tlalpan,Cuchilla De Padierna,-99.21853,19.27608
012-030,Tlalpan,Cultura Maya,-99.223,19.27589
012-031,Tlalpan,Cumbres De Tepetongo,-99.1889,19.27145
012-032,Tlalpan,Diamante,-99.19399,19.27082
012-033,Tlalpan,Divisadero,-99.1588,19.25381
012-034,Tlalpan,Dolores Tlali,-99.14624,19.24215
012-035,Tlalpan,Ejidos De San Pedro Martir,-99.15747,19.27009
012-036,Tlalpan,El Cantil,-99.15605,19.22566
012-037,Tlalpan,El Charco,-99.20431,19.23144
012-038,Tlalpan,El Fresno,-99.18987,19.27756
012-039,Tlalpan,El Mirador 1a Seccion,-99.17896,19.26921
012-040,Tlalpan,El Mirador 2a Seccion,-99.18308,19.27069
012-041,Tlalpan,El Mirador 3a Seccion,-99.18489,19.26984
012-042,Tlalpan,Ex Hacienda Coapa,-99.12272,19.29817
012-043,Tlalpan,Ex Hacienda San Juan De Dios,-99.132,19.28775
012-044,Tlalpan,Floresta Coyoacan,-99.12968,19.30477
012-045,Tlalpan,Fuentes Brotantes,-99.1845,19.28225
012-046,Tlalpan,Fuentes De Tepepan,-99.14938,19.26994
012-047,Tlalpan,Fuentes Del Pedregal,-99.22629,19.30601
012-048,Tlalpan,Granjas Coapa,-99.10633,19.297
012-049,Tlalpan,Guadalupe,-99.14377,19.28468
012-050,Tlalpan,Hacienda San Juan,-99.14312,19.29048
012-051,Tlalpan,Heroes De 1910,-99.23469,19.24407
012-052,Tlalpan,Heroes De Padierna,-99.22231,19.2828
012-053,Tlalpan,Heroico Colegio Militar,-99.15034,19.25708
012-054,Tlalpan,Isidro Fabela,-99.17357,19.30073
012-055,Tlalpan,Jardines Del Ajusco,-99.21428,19.28703
012-056,Tlalpan,Jardines En La Montaña,-99.20328,19.30054
012-057,Tlalpan,Juventud Unida,-99.15283,19.26868
012-058,Tlalpan,La Joya,-99.16482,19.28073
012-059,Tlalpan,La Palma,-99.15654,19.24266
012-060,Tlalpan,Las Tortolas,-99.1499,19.28066
012-061,Tlalpan,Lomas De Cuilotepec,-99.23247,19.27069
012-062,Tlalpan,Lomas De Padierna,-99.22433,19.2936
012-063,Tlalpan,Lomas De Padierna Sur,-99.2263,19.27327
012-064,Tlalpan,Lomas Del Pedregal,-99.21829,19.27388
012-065,Tlalpan,Lomas Del Pedregal Framboyanes,-99.22638,19.30242
012-066,Tlalpan,Lomas Hidalgo,-99.21507,19.27432
012-067,Tlalpan,Los Encinos,-99.22735,19.2775
012-068,Tlalpan,Los Volcanes,-99.17528,19.27016
012-069,Tlalpan,Magisterial,-99.1112,19.29426
012-070,Tlalpan,Magisterial Coapa,-99.11482,19.29246
012-071,Tlalpan,Maria Esther Zuno De Echeverria,-99.17801,19.25785
012-072,Tlalpan,Mesa De Los Hornos,-99.1839,19.27505
012-073,Tlalpan,Miguel Hidalgo,-99.1854,19.28721
012-074,Tlalpan,Miguel Hidalgo 1a Seccion,-99.19335,19.28306
012-075,Tlalpan,Miguel Hidalgo 2a Seccion,-99.19939,19.28224
012-076,Tlalpan,Miguel Hidalgo 3a Seccion,-99.20688,19.28069
012-077,Tlalpan,Miguel Hidalgo 4a Seccion,-99.20973,19.27285
012-078,Tlalpan,Mirador Del Valle,-99.18248,19.25666
012-079,Tlalpan,Mirador I,-99.21908,19.27132
012-080,Tlalpan,Mirador Ii,-99.22296,19.27018
012-081,Tlalpan,Movimiento Organizado De Tlalpan,-99.1531,19.26709
012-082,Tlalpan,Narciso Mendoza,-99.12527,19.29004
012-083,Tlalpan,Nueva Oriental Coapa,-99.12951,19.29874
012-084,Tlalpan,Nuevo Renacimiento De Axalco,-99.16318,19.2564
012-085,Tlalpan,Paraje 38,-99.20843,19.26528
012-086,Tlalpan,Parque Del Pedregal,-99.19296,19.29974
012-087,Tlalpan,Parque Nacional Bosque Del Pedregal,-99.20067,19.29184
012-088,Tlalpan,Pedregal De Las Aguilas,-99.17545,19.27183
012-089,Tlalpan,Pedregal De San Nicolas 1a Seccion,-99.23575,19.29349
012-090,Tlalpan,Pedregal De San Nicolas 2a Seccion,-99.23549,19.28883
012-091,Tlalpan,Pedregal De San Nicolas 3a Seccion,-99.23666,19.28428
012-092,Tlalpan,Pedregal De San Nicolas 4a Seccion,-99.23527,19.27892
012-093,Tlalpan,Pedregal De San Nicolas 5a Seccion,-99.24018,19.27554
012-094,Tlalpan,Pedregal De Santa Ursula Xitla,-99.17806,19.27387
012-095,Tlalpan,Peña Pobre,-99.18265,19.29944
012-096,Tlalpan,Plan De Ayala,-99.14928,19.23895
012-097,Tlalpan,Popular Santa Teresa,-99.22399,19.30093
012-098,Tlalpan,Prado Coapa 1a Seccion,-99.12925,19.30192
012-099,Tlalpan,Prado Coapa 2a Seccion,-99.13309,19.29999
012-100,Tlalpan,Prado Coapa 3a Seccion,-99.13335,19.29263
012-101,Tlalpan,Primavera,-99.20287,19.26703
012-102,Tlalpan,Pueblo Chimalcoyotl,-99.16683,19.27369
012-103,Tlalpan,Pueblo Jardines De San Juan,-99.1825,19.21311
012-104,Tlalpan,Pueblo La Magdalena Petlacalco,-99.18009,19.23506
012-105,Tlalpan,Pueblo Ocotla,-99.15959,19.20379
012-106,Tlalpan,Pueblo Parres El Guarda,-99.1769,19.13415
012-107,Tlalpan,Pueblo San Andres Totoltepec,-99.17242,19.24965
012-108,Tlalpan,Pueblo San Lorenzo Huipulco,-99.14847,19.29547
012-109,Tlalpan,Pueblo San Miguel Ajusco,-99.20205,19.22724
012-110,Tlalpan,Pueblo San Miguel Topilejo,-99.14299,19.19951
012-111,Tlalpan,Pueblo San Miguel Xicalco,-99.16536,19.23739
012-112,Tlalpan,Pueblo San Pedro Martir,-99.17048,19.26534
012-113,Tlalpan,Pueblo Santa Ursula Xitla,-99.17748,19.28028
012-114,Tlalpan,Pueblo Santo Tomas Ajusco,-99.20363,19.21791
012-115,Tlalpan,Rancho Los Colorines,-99.13782,19.28816
012-116,Tlalpan,Residencial Acoxpa,-99.12597,19.29844
012-117,Tlalpan,Residencial Miramontes,-99.12314,19.30172
012-118,Tlalpan,Residencial Villa Coapa,-99.1194,19.29131
012-119,Tlalpan,Rincon Del Pedregal,-99.22017,19.30937
012-120,Tlalpan,Rinconada Coapa 1a Seccion,-99.11026,19.29217
012-121,Tlalpan,Rinconada Coapa 2a Seccion,-99.11438,19.29856
012-122,Tlalpan,Rinconada El Mirador,-99.15222,19.26661
012-123,Tlalpan,Rinconada Las Hadas,-99.12091,19.29668
012-124,Tlalpan,Roca De Cristal,-99.1877,19.27579
012-125,Tlalpan,Romulo Sanchez Mireles,-99.17565,19.29817
012-126,Tlalpan,San Bartolo El Chico,-99.13313,19.28437
012-127,Tlalpan,San Buenaventura,-99.1604,19.28307
012-128,Tlalpan,San Juan Tepeximilpa,-99.19124,19.27245
012-129,Tlalpan,San Pedro Apostol,-99.17252,19.29551
012-130,Tlalpan,Santisima Trinidad,-99.18647,19.27171
012-131,Tlalpan,Santisima Trinidad,-99.18608,19.27392
012-132,Tlalpan,Tecorral,-99.1666,19.25992
012-133,Tlalpan,Tenorios,-99.11816,19.2984
012-134,Tlalpan,Texcaltenco,-99.18677,19.27524
012-135,Tlalpan,Tlalcoligia,-99.17251,19.27591
012-136,Tlalpan,Tlalmille,-99.1868,19.25988
012-137,Tlalpan,Tlalpan,-99.17065,19.29063
012-138,Tlalpan,Tlalpan Centro,-99.17017,19.28387
012-139,Tlalpan,Tlalpuente,-99.18664,19.24564
012-140,Tlalpan,Tlaxcaltenco La Mesa,-99.18742,19.27356
012-141,Tlalpan,Toriello Guerra,-99.16267,19.29438
012-142,Tlalpan,Toriello Guerra,-99.16055,19.29817
012-143,Tlalpan,Torres De Padierna,-99.22828,19.28111
012-144,Tlalpan,U.habit. Zapote 1,-99.1781,19.30039
012-145,Tlalpan,Valle De Tepepan,-99.14309,19.27216
012-146,Tlalpan,Valle De Tepepan,-99.14624,19.27209
012-147,Tlalpan,Valle Escondido,-99.1437,19.27801
012-148,Tlalpan,Valle Verde,-99.142,19.24599
012-149,Tlalpan,Verano,-99.20048,19.26518
012-150,Tlalpan,Vergel Coapa,-99.12603,19.3024
012-151,Tlalpan,Vergel De Coyoacan,-99.13695,19.30267
012-152,Tlalpan,Vergel Del Sur,-99.1381,19.29949
012-153,Tlalpan,Villa Coapa,-99.12682,19.29477
012-154,Tlalpan,Villa Lazaro Cardenas,-99.13967,19.2971
012-155,Tlalpan,Villa Olimpica,-99.18738,19.29875
012-156,Tlalpan,Villa Tlalpan,-99.16266,19.27701
012-157,Tlalpan,Vistas Del Pedregal,-99.2349,19.27212
012-158,Tlalpan,Viveros Coatectlan,-99.15423,19.2442
012-159,Tlalpan,Zacayucan Peña Pobre,-99.19025,19.29306
013-001,Xochimilco,Ampliacion Nativitas,-99.0904,19.23676
013-002,Xochimilco,Ampliacion Nativitas,-99.09518,19.23783
013-003,Xochimilco,Ampliacion San Marcos Norte,-99.11247,19.27052
013-004,Xochimilco,Ampliacion Tepepan,-99.1341,19.2648
013-005,Xochimilco,Año De Juarez,-99.08529,19.24901
013-006,Xochimilco,Barrio 18,-99.11214,19.28067
013-007,Xochimilco,Barrio 3 De Mayo,-99.06054,19.24911
013-008,Xochimilco,Barrio Ahualapa,-99.06872,19.24603
013-009,Xochimilco,Barrio Apatlaco,-99.07531,19.24863
013-010,Xochimilco,Barrio Belen,-99.10258,19.26012
013-011,Xochimilco,Barrio Calpulco,-99.07469,19.25053
013-012,Xochimilco,Barrio Caltongo,-99.08295,19.2569
013-013,Xochimilco,Barrio Calyequita,-99.01009,19.25234
013-014,Xochimilco,Barrio Chapultepec,-99.10907,19.22255
013-015,Xochimilco,Barrio Del Puente,-99.0778,19.24775
013-016,Xochimilco,Barrio El Calvario,-99.10856,19.22602
013-017,Xochimilco,Barrio El Rosario,-99.10451,19.26263
013-018,Xochimilco,Barrio La Asuncion,-99.1013,19.26943
013-019,Xochimilco,Barrio La Asuncion,-99.04414,19.25254
013-020,Xochimilco,Barrio La Candelaria,-99.04158,19.25348
013-021,Xochimilco,Barrio La Candelaria,-99.04457,19.25021
013-022,Xochimilco,Barrio La Concepcion Tlacoapa,-99.10446,19.26914
013-023,Xochimilco,Barrio La Gallera,-99.0698,19.25438
013-024,Xochimilco,Barrio La Guadalupana,-99.0371,19.24937
013-025,Xochimilco,Barrio La Guadalupita,-99.10129,19.26526
013-026,Xochimilco,Barrio La Planta,-99.07941,19.24396
013-027,Xochimilco,Barrio La Santisima,-99.09503,19.26361
013-028,Xochimilco,Barrio Las Cruces,-99.07429,19.24221
013-029,Xochimilco,Barrio Las Flores,-99.07455,19.2396
013-030,Xochimilco,Barrio Los Reyes,-99.0548,19.24755
013-031,Xochimilco,Barrio Niños Heroes,-99.0425,19.25176
013-032,Xochimilco,Barrio Pocitos,-99.08241,19.247
013-033,Xochimilco,Barrio San Andres,-99.04953,19.24974
013-034,Xochimilco,Barrio San Antonio,-99.1069,19.2628
013-035,Xochimilco,Barrio San Antonio,-99.06239,19.25053
013-036,Xochimilco,Barrio San Cristobal,-99.09765,19.25827
013-037,Xochimilco,Barrio San Diego,-99.09974,19.26335
013-038,Xochimilco,Barrio San Esteban,-99.09658,19.26261
013-039,Xochimilco,Barrio San Jose Pueblo San Luis Tlaxialtemalco,-99.03266,19.2499
013-040,Xochimilco,Barrio San Juan,-99.10674,19.26623
013-041,Xochimilco,Barrio San Juan Minas,-99.06534,19.25202
013-042,Xochimilco,Barrio San Juan Moyotepec,-99.0664,19.25711
013-043,Xochimilco,Barrio San Juan Pueblo San Luis Tlaxialtemalco,-99.03148,19.25556
013-044,Xochimilco,Barrio San Lorenzo,-99.09711,19.26579
013-045,Xochimilco,Barrio San Marcos,-99.11186,19.26132
013-046,Xochimilco,Barrio San Pedro,-99.10818,19.25558
013-047,Xochimilco,Barrio Santa Crucita,-99.10224,19.26265
013-048,Xochimilco,Barrio Tetitla,-99.07176,19.25159
013-049,Xochimilco,Barrio Tetitla Del Pueblo Santa Cruz Acalpixca,-99.07163,19.24889
013-050,Xochimilco,Barrio Xaltocan,-99.10052,19.2526
013-051,Xochimilco,Bosque Residencial Del Sur,-99.12998,19.28031
013-052,Xochimilco,Cerrillos Primera Seccion,-99.01979,19.2479
013-053,Xochimilco,Cerrillos Segunda Seccion,-99.01693,19.24467
013-054,Xochimilco,Cerrillos Tercera Seccion,-99.0261,19.24776
013-055,Xochimilco,Cristo Rey,-99.01535,19.25001
013-056,Xochimilco,Del Carmen,-99.0276,19.2518
013-057,Xochimilco,El Arenal,-99.12727,19.22806
013-058,Xochimilco,El Jazmin,-99.08655,19.24357
013-059,Xochimilco,El Mirador,-99.13137,19.2617
013-060,Xochimilco,El Mirador,-99.02168,19.2515
013-061,Xochimilco,El Sacrificio,-99.01892,19.24124
013-062,Xochimilco,Guadalupita,-99.01633,19.25543
013-063,Xochimilco,Huichapan,-99.1214,19.26306
013-064,Xochimilco,Jardines Del Sur,-99.1168,19.25804
013-065,Xochimilco,La Cañada,-99.1175,19.24149
013-066,Xochimilco,La Concha,-99.11869,19.25275
013-067,Xochimilco,La Noria,-99.12646,19.26479
013-068,Xochimilco,La Noria,-99.12982,19.26824
013-069,Xochimilco,Las Animas,-99.01833,19.25881
013-070,Xochimilco,Las Mesitas,-99.01524,19.24344
013-071,Xochimilco,Las Peritas,-99.12428,19.27271
013-072,Xochimilco,Lomas De Nativitas,-99.08898,19.2417
013-073,Xochimilco,Lomas De Tonalco,-99.0983,19.24679
013-074,Xochimilco,Nativitas,-99.01159,19.2485
013-075,Xochimilco,Paseos Del Sur,-99.12383,19.2749
013-076,Xochimilco,Potrero San Bernardino,-99.12143,19.26963
013-077,Xochimilco,Pueblo San Andres Ahuayucan,-99.10656,19.22665
013-078,Xochimilco,Pueblo San Francisco Tlalnepantla,-99.12212,19.19519
013-079,Xochimilco,Pueblo San Gregorio Atlapulco,-99.05344,19.25448
013-080,Xochimilco,Pueblo San Jose Zacatepec,-99.12328,19.24162
013-081,Xochimilco,Pueblo San Lorenzo Atemoaya,-99.10102,19.2379
013-082,Xochimilco,Pueblo San Lucas Xochimanca,-99.11179,19.24189
013-083,Xochimilco,Pueblo San Luis Tlaxialtemalco,-99.03611,19.2599
013-084,Xochimilco,Pueblo San Mateo Xalpa,-99.12053,19.23238
013-085,Xochimilco,Pueblo San Salvador Cuauhtenco,-99.09547,19.19558
013-086,Xochimilco,Pueblo Santa Cecilia Tepetlapa,-99.09984,19.21466
013-087,Xochimilco,Pueblo Santa Cruz Acalpixca,-99.07104,19.24692
013-088,Xochimilco,Pueblo Santa Cruz Xochitepec,-99.12946,19.25635
013-089,Xochimilco,Pueblo Santa Maria Nativitas,-99.09377,19.24363
013-090,Xochimilco,Pueblo Santa Maria Tepepan,-99.13743,19.27394
013-091,Xochimilco,Pueblo Santiago Tepalcatlalpan,-99.13467,19.24643
013-092,Xochimilco,Pueblo Santiago Tepalcatlalpan,-99.13441,19.24531
013-093,Xochimilco,Pueblo Santiago Tepalcatlalpan,-99.1198,19.25046
013-094,Xochimilco,Pueblo Santiago Tepalcatlalpan U H Rcda Del Sur,-99.12014,19.2595
013-095,Xochimilco,Quirino Mendoza,-99.02403,19.25948
013-096,Xochimilco,Rancho Tejomulco,-99.08524,19.2454
013-097,Xochimilco,Rinconada Coapa,-99.11452,19.28907
013-098,Xochimilco,Rosario Tlali,-99.10334,19.22631
013-099,Xochimilco,San Bartolo El Chico,-99.12776,19.28356
013-100,Xochimilco,San Felipe,-99.01962,19.25377
013-101,Xochimilco,San Isidro,-99.01399,19.25721
013-102,Xochimilco,San Jeronimo,-99.09077,19.25025
013-103,Xochimilco,San Juan Tepepan,-99.12886,19.27357
013-104,Xochimilco,San Lorenzo La Cebada,-99.12088,19.28103
013-105,Xochimilco,San Lucas Oriente,-99.10493,19.24204
013-106,Xochimilco,San Lucas Oriente,-99.1068,19.24035
013-107,Xochimilco,Santa Cruz Chavarrieta,-99.12179,19.22737
013-108,Xochimilco,Santa Cruz De Guadalupe,-99.12073,19.22235
013-109,Xochimilco,Santa Ines,-99.11501,19.23495
013-110,Xochimilco,Santiaguito,-99.02595,19.25649
013-111,Xochimilco,Tablas De San Lorenzo,-99.10518,19.24636
013-112,Xochimilco,Texmic,-99.1065,19.24283
013-113,Xochimilco,Tierra Nueva,-99.11941,19.26604
013-114,Xochimilco,Valle De Santa Maria,-99.0974,19.23558
013-115,Xochimilco,Xochipilli,-99.08695,19.24904
014-001,Benito Juárez,8 De Agosto,-99.18708,19.39411
014-002,Benito Juárez,Acacias,-99.17409,19.36401
014-003,Benito Juárez,Actipan,-99.17845,19.36876
014-004,Benito Juárez,Alamos,-99.14151,19.39801
014-005,Benito Juárez,Albert,-99.13931,19.37056
014-006,Benito Juárez,Americas Unidas,-99.14175,19.3824
014-007,Benito Juárez,Ampliacion Napoles,-99.17784,19.38727
014-008,Benito Juárez,Atenor Salas,-99.14753,19.40309
014-009,Benito Juárez,Ciudad De Los Deportes,-99.18014,19.38338
014-010,Benito Juárez,Credito Constructor,-99.18035,19.36493
014-011,Benito Juárez,Del Carmen,-99.13812,19.37567
014-012,Benito Juárez,Del Lago,-99.14115,19.37868
014-013,Benito Juárez,Del Valle Centro,-99.167,19.38379
014-014,Benito Juárez,Del Valle Norte,-99.16615,19.39527
014-015,Benito Juárez,Del Valle Sur,-99.16982,19.37155
014-016,Benito Juárez,Ermita,-99.14164,19.35843
014-017,Benito Juárez,Extremadura Insurgentes,-99.17994,19.37704
014-018,Benito Juárez,General Pedro Ma Anaya,-99.15883,19.36049
014-019,Benito Juárez,Independencia,-99.14805,19.37978
014-020,Benito Juárez,Insurgentes Mixcoac,-99.18343,19.37267
014-021,Benito Juárez,Insurgentes San Borja,-99.17411,19.3835
014-022,Benito Juárez,Iztaccihuatl,-99.13559,19.39015
014-023,Benito Juárez,Josefa Ortiz De Dominguez,-99.14073,19.38766
014-024,Benito Juárez,Letran Valle,-99.15507,19.37611
014-025,Benito Juárez,Merced Gomez,-99.1899,19.36559
014-026,Benito Juárez,Miguel Aleman,-99.14456,19.38977
014-027,Benito Juárez,Miravalle,-99.14106,19.36127
014-028,Benito Juárez,Mixcoac,-99.18998,19.37287
014-029,Benito Juárez,Moderna,-99.13462,19.39524
014-030,Benito Juárez,Napoles,-99.17655,19.39369
014-031,Benito Juárez,Narvarte Oriente,-99.15013,19.39334
014-032,Benito Juárez,Narvarte Poniente,-99.1577,19.39221
014-033,Benito Juárez,Nativitas,-99.13724,19.38166
014-034,Benito Juárez,Niños Heroes,-99.1441,19.38627
014-035,Benito Juárez,Noche Buena,-99.17898,19.38066
014-036,Benito Juárez,Periodista,-99.14583,19.38242
014-037,Benito Juárez,Piedad Narvarte,-99.15565,19.40277
014-038,Benito Juárez,Portales Norte,-99.14949,19.36913
014-039,Benito Juárez,Portales Oriente,-99.14012,19.3659
014-040,Benito Juárez,Portales Sur,-99.14892,19.36161
014-041,Benito Juárez,Postal,-99.142,19.39079
014-042,Benito Juárez,Residencial Emperadores,-99.15759,19.36838
014-043,Benito Juárez,San Jose Insurgentes,-99.18542,19.36649
014-044,Benito Juárez,San Juan,-99.1847,19.37837
014-045,Benito Juárez,San Pedro De Los Pinos,-99.18487,19.3903
014-046,Benito Juárez,San Simon Ticumac,-99.14464,19.37488
014-047,Benito Juárez,Santa Cruz Atoyac,-99.1608,19.36814
014-048,Benito Juárez,Santa Maria Nonoalco,-99.18824,19.38175
014-049,Benito Juárez,Tlacoquemecatl,-99.17487,19.37634
014-050,Benito Juárez,Vertiz Narvarte,-99.15357,19.38202
014-051,Benito Juárez,Villa De Cortes,-99.13612,19.38747
014-052,Benito Juárez,Xoco,-99.16673,19.36182
014-053,Benito Juárez,Zacahuitzco,-99.13869,19.37319
015-001,Cuauhtémoc,Algarin,-99.14025,19.40558
015-002,Cuauhtémoc,Ampl. Asturias,-99.13107,19.40718
015-003,Cuauhtémoc,Asturias,-99.13126,19.40462
015-004,Cuauhtémoc,Atlampa,-99.15634,19.45855
015-005,Cuauhtémoc,Buenavista,-99.15048,19.44589
015-006,Cuauhtémoc,Buenos Aires,-99.1498,19.40545
015-007,Cuauhtémoc,Centro,-99.13613,19.43253
015-008,Cuauhtémoc,Condesa,-99.17636,19.41473
015-009,Cuauhtémoc,Cuauhtemoc,-99.16862,19.43011
015-010,Cuauhtémoc,Doctores,-99.14898,19.41698
015-011,Cuauhtémoc,Esperanza,-99.12828,19.42045
015-012,Cuauhtémoc,Ex Hipodromo De Peralvillo,-99.13474,19.45666
015-013,Cuauhtémoc,Felipe Pescador,-99.12622,19.45393
015-014,Cuauhtémoc,Guerrero,-99.14301,19.44433
015-015,Cuauhtémoc,Hipodromo,-99.1713,19.40928
015-016,Cuauhtémoc,Hipodromo Condesa,-99.17947,19.40929
015-017,Cuauhtémoc,Juarez,-99.16159,19.42711
015-018,Cuauhtémoc,Maza,-99.12771,19.45522
015-019,Cuauhtémoc,Morelos,-99.12997,19.44685
015-020,Cuauhtémoc,Nonoalco Tlatelolco,-99.14094,19.45311
015-021,Cuauhtémoc,Obrera,-99.1393,19.41505
015-022,Cuauhtémoc,Paulino Navarro,-99.13014,19.41176
015-023,Cuauhtémoc,Peralvillo,-99.1343,19.46175
015-024,Cuauhtémoc,Roma Norte,-99.16263,19.41832
015-025,Cuauhtémoc,Roma Sur,-99.1623,19.40654
015-026,Cuauhtémoc,San Rafael,-99.16249,19.43802
015-027,Cuauhtémoc,San Simon Tolnahuac,-99.14325,19.45903
015-028,Cuauhtémoc,Santa Maria Insurgentes,-99.14846,19.46179
015-029,Cuauhtémoc,Santa Maria La Ribera,-99.15879,19.44836
015-030,Cuauhtémoc,Tabacalera,-99.15396,19.43578
015-031,Cuauhtémoc,Transito,-99.13152,19.41786
015-032,Cuauhtémoc,Valle Gomez,-99.12525,19.45852
015-033,Cuauhtémoc,Vista Alegre,-99.13287,19.41016
016-001,Miguel Hidalgo,10 De Abril,-99.20857,19.44866
016-002,Miguel Hidalgo,16 De Septiembre,-99.20745,19.4019
016-003,Miguel Hidalgo,5 De Mayo,-99.1999,19.44849
016-004,Miguel Hidalgo,Agricultura,-99.16553,19.45053
016-005,Miguel Hidalgo,Ahuehuetes Anahuac,-99.18945,19.44942
016-006,Miguel Hidalgo,America,-99.20272,19.40381
016-007,Miguel Hidalgo,Ampliacion Daniel Garza,-99.19411,19.4089
016-008,Miguel Hidalgo,Ampliacion Granada,-99.20108,19.4431
016-009,Miguel Hidalgo,Ampliacion Popo,-99.19691,19.44448
016-010,Miguel Hidalgo,Ampliacion Torre Blanca,-99.19986,19.45473
016-011,Miguel Hidalgo,Anahuac I Seccion,-99.17977,19.4441
016-012,Miguel Hidalgo,Anahuac Ii Seccion,-99.17314,19.44428
016-013,Miguel Hidalgo,Anzures,-99.17813,19.43277
016-014,Miguel Hidalgo,Anzures,-99.17727,19.42745
016-015,Miguel Hidalgo,Argentina Antigua,-99.20361,19.45596
016-016,Miguel Hidalgo,Argentina Poniente,-99.20752,19.46016
016-017,Miguel Hidalgo,Bosque De Chapultepec I Seccion,-99.18819,19.42166
016-018,Miguel Hidalgo,Bosque De Chapultepec Ii Seccion,-99.19952,19.41588
016-019,Miguel Hidalgo,Bosque De Chapultepec Iii Seccion,-99.21711,19.40536
016-020,Miguel Hidalgo,Bosque De Las Lomas,-99.24486,19.40322
016-021,Miguel Hidalgo,Cuauhtemoc Pensil,-99.19389,19.4449
016-022,Miguel Hidalgo,Daniel Garza,-99.19922,19.40523
016-023,Miguel Hidalgo,Deportivo Pensil,-99.20159,19.4502
016-024,Miguel Hidalgo,Dos Lagos,-99.18818,19.44347
016-025,Miguel Hidalgo,Escandon I Seccion,-99.18216,19.40209
016-026,Miguel Hidalgo,Escandon Ii Seccion,-99.17572,19.40122
016-027,Miguel Hidalgo,Francisco I Madero,-99.2036,19.44739
016-028,Miguel Hidalgo,Granada,-99.19226,19.44031
016-029,Miguel Hidalgo,Huichapan,-99.1966,19.46032
016-030,Miguel Hidalgo,Ignacio Manuel Altamirano,-99.19655,19.46312
016-031,Miguel Hidalgo,Irrigacion,-99.21002,19.44244
016-032,Miguel Hidalgo,Lago Norte,-99.18698,19.44704
016-033,Miguel Hidalgo,Lago Sur,-99.18725,19.44515
016-034,Miguel Hidalgo,Legaria,-99.19412,19.45533
016-035,Miguel Hidalgo,Loma Hermosa,-99.21208,19.4465
016-036,Miguel Hidalgo,Lomas Altas,-99.22879,19.39945
016-037,Miguel Hidalgo,Lomas De Bezares,-99.24337,19.39146
016-038,Miguel Hidalgo,Lomas De Chapultepec I Seccion,-99.22718,19.41033
016-039,Miguel Hidalgo,Lomas De Chapultepec Ii Seccion,-99.22211,19.42021
016-040,Miguel Hidalgo,Lomas De Chapultepec Iii Seccion,-99.21254,19.42951
016-041,Miguel Hidalgo,Lomas De Chapultepec Iv Seccion,-99.20966,19.41864
016-042,Miguel Hidalgo,Lomas De Chapultepec V Seccion,-99.21237,19.4241
016-043,Miguel Hidalgo,Lomas De Chapultepec Vi Seccion,-99.21709,19.41708
016-044,Miguel Hidalgo,Lomas De Chapultepec Vii Seccion,-99.22167,19.40873
016-045,Miguel Hidalgo,Lomas De Chapultepec Viii Seccion,-99.22751,19.42041
016-046,Miguel Hidalgo,Lomas De Reforma,-99.23368,19.40338
016-047,Miguel Hidalgo,Lomas De Sotelo,-99.21509,19.44976
016-048,Miguel Hidalgo,Los Manzanos,-99.1845,19.44724
016-049,Miguel Hidalgo,Manuel Avila Camacho,-99.22275,19.43843
016-050,Miguel Hidalgo,Mariano Escobedo,-99.18111,19.44492
016-051,Miguel Hidalgo,Mexico Nuevo,-99.20402,19.45247
016-052,Miguel Hidalgo,Modelo Pensil,-99.19015,19.44555
016-053,Miguel Hidalgo,Molino Del Rey,-99.20332,19.42376
016-054,Miguel Hidalgo,Nextitla,-99.17373,19.45532
016-055,Miguel Hidalgo,Observatorio,-99.19289,19.4055
016-056,Miguel Hidalgo,Panteon Civil De Dolores,-99.2091,19.40815
016-057,Miguel Hidalgo,Pensil Norte,-99.1969,19.45034
016-058,Miguel Hidalgo,Pensil Sur,-99.19718,19.4465
016-059,Miguel Hidalgo,Peralitos,-99.1867,19.44897
016-060,Miguel Hidalgo,Periodista,-99.21867,19.44845
016-061,Miguel Hidalgo,Plutarco Elias Calles,-99.16905,19.45476
016-062,Miguel Hidalgo,Polanco I Seccion,-99.20985,19.43636
016-063,Miguel Hidalgo,Polanco Ii Seccion,-99.20448,19.43391
016-064,Miguel Hidalgo,Polanco Iii Seccion,-99.1988,19.43318
016-065,Miguel Hidalgo,Polanco Iv Seccion,-99.19371,19.43192
016-066,Miguel Hidalgo,Polanco V Seccion,-99.18675,19.4323
016-067,Miguel Hidalgo,Popo,-99.19987,19.44568
016-068,Miguel Hidalgo,Popotla,-99.17934,19.45453
016-069,Miguel Hidalgo,Real De Las Lomas,-99.23882,19.3988
016-070,Miguel Hidalgo,Reforma Pensil,-99.19296,19.44914
016-071,Miguel Hidalgo,Reforma Social,-99.21698,19.43187
016-072,Miguel Hidalgo,Residencial Militar,-99.21772,19.43588
016-073,Miguel Hidalgo,San Diego Ocoyoacac,-99.19267,19.46183
016-074,Miguel Hidalgo,San Joaquin,-99.21,19.45241
016-075,Miguel Hidalgo,San Juanico,-99.18943,19.45174
016-076,Miguel Hidalgo,San Lorenzo Tlatenango,-99.20065,19.4675
016-077,Miguel Hidalgo,San Miguel Chapultepec I Seccion,-99.18729,19.40877
016-078,Miguel Hidalgo,San Miguel Chapultepec Ii Seccion,-99.18326,19.41428
016-079,Miguel Hidalgo,Santo Tomas,-99.17036,19.45188
016-080,Miguel Hidalgo,Tacuba,-99.18827,19.45688
016-081,Miguel Hidalgo,Tacubaya,-99.18787,19.40061
016-082,Miguel Hidalgo,Tlaxpana,-99.16925,19.44065
016-083,Miguel Hidalgo,Torre Blanca,-99.19531,19.45747
016-084,Miguel Hidalgo,Un Hogar Para Nosotros,-99.16921,19.44855
016-085,Miguel Hidalgo,Ventura Perez De Alva,-99.19578,19.45329
016-086,Miguel Hidalgo,Veronica Anzures,-99.17454,19.43638
017-001,Venustiano Carranza,10 De Mayo,-99.11817,19.43347
017-002,Venustiano Carranza,1o De Mayo,-99.10146,19.44552
017-003,Venustiano Carranza,20 De Noviembre,-99.10895,19.44426
017-004,Venustiano Carranza,24 De Abril,-99.11658,19.41539
017-005,Venustiano Carranza,4 Arboles,-99.08242,19.41603
017-006,Venustiano Carranza,5to Tramo 20 De Noviembre,-99.10771,19.44985
017-007,Venustiano Carranza,7 De Julio,-99.11192,19.43065
017-008,Venustiano Carranza,Aaron Saenz,-99.12304,19.41305
017-009,Venustiano Carranza,Adolfo Lopez Mateos,-99.07215,19.42011
017-010,Venustiano Carranza,Aeronautica Militar,-99.11591,19.42008
017-011,Venustiano Carranza,Alvaro Obregon,-99.1188,19.41279
017-012,Venustiano Carranza,Ampliacion 20 De Noviembre,-99.11444,19.44366
017-013,Venustiano Carranza,Ampliacion Aviacion Civil,-99.07655,19.41165
017-014,Venustiano Carranza,Ampliacion Caracol,-99.06827,19.42878
017-015,Venustiano Carranza,Ampliacion Michoacana,-99.11304,19.44832
017-016,Venustiano Carranza,Ampliacion Penitenciaria,-99.11784,19.43649
017-017,Venustiano Carranza,Ampliacion Simon Bolivar,-99.1007,19.44841
017-018,Venustiano Carranza,Ampliacion Venustiano Carranza,-99.10478,19.44408
017-019,Venustiano Carranza,Aquiles Serdan,-99.09173,19.44711
017-020,Venustiano Carranza,Arenal 1a. Seccion,-99.06355,19.42514
017-021,Venustiano Carranza,Arenal 2a. Seccion,-99.05666,19.42453
017-022,Venustiano Carranza,Arenal 3a. Seccion,-99.05675,19.42877
017-023,Venustiano Carranza,Arenal 4a. Seccion,-99.05432,19.43543
017-024,Venustiano Carranza,Arenal Puerto Aereo,-99.06082,19.42707
017-025,Venustiano Carranza,Arpto Int De La Cd De Mex-Equipamiento,-99.07143,19.4354
017-026,Venustiano Carranza,Artes Graficas,-99.12622,19.41151
017-027,Venustiano Carranza,Aviacion Civil,-99.07805,19.41416
017-028,Venustiano Carranza,Azteca,-99.10831,19.43828
017-029,Venustiano Carranza,Caracol,-99.06982,19.42626
017-030,Venustiano Carranza,Cuchilla Pantitlan,-99.06342,19.42206
017-031,Venustiano Carranza,Damian Carmona,-99.10296,19.4429
017-032,Venustiano Carranza,Del Parque,-99.11767,19.42358
017-033,Venustiano Carranza,Emilio Carranza,-99.1206,19.44939
017-034,Venustiano Carranza,Escuela De Tiro,-99.1133,19.43327
017-035,Venustiano Carranza,Federal,-99.08864,19.42044
017-036,Venustiano Carranza,Felipe Angeles,-99.11246,19.45254
017-037,Venustiano Carranza,General Ignacio Zaragoza,-99.09255,19.41263
017-038,Venustiano Carranza,Industrial Puerto Aereo,-99.09353,19.42135
017-039,Venustiano Carranza,Jamaica,-99.12397,19.4069
017-040,Venustiano Carranza,Janitzio,-99.11746,19.4476
017-041,Venustiano Carranza,Jardin Balbuena,-99.10724,19.41619
017-042,Venustiano Carranza,Lorenzo Boturini,-99.12471,19.41589
017-043,Venustiano Carranza,Magdalena Mixiuhca,-99.11815,19.40771
017-044,Venustiano Carranza,Merced Balbuena,-99.1238,19.42035
017-045,Venustiano Carranza,Michoacana,-99.11482,19.44678
017-046,Venustiano Carranza,Miguel Hidalgo,-99.1073,19.43638
017-047,Venustiano Carranza,Moctezuma 1a Seccion,-99.10582,19.42789
017-048,Venustiano Carranza,Moctezuma 2a. Seccion,-99.09696,19.43252
017-049,Venustiano Carranza,Morelos,-99.12032,19.44367
017-050,Venustiano Carranza,Nicolas Bravo,-99.12313,19.45387
017-051,Venustiano Carranza,Penitenciaria,-99.1127,19.4359
017-052,Venustiano Carranza,Pensador Mexicano,-99.08425,19.44454
017-053,Venustiano Carranza,Peñon De Los Baños,-99.08269,19.43941
017-054,Venustiano Carranza,Popular Rastro,-99.11876,19.45278
017-055,Venustiano Carranza,Progresista,-99.10957,19.43613
017-056,Venustiano Carranza,Puebla,-99.08242,19.40931
017-057,Venustiano Carranza,Pueblo De La Magdalena Mixiuhca,-99.11628,19.41047
017-058,Venustiano Carranza,Revolucion,-99.10396,19.43906
017-059,Venustiano Carranza,Romero Rubio,-99.09738,19.44213
017-060,Venustiano Carranza,Santa Cruz Aviacion,-99.09717,19.42223
017-061,Venustiano Carranza,Sevilla,-99.1234,19.41059
017-062,Venustiano Carranza,Simon Bolivar,-99.0966,19.44873
017-063,Venustiano Carranza,Tres Mosqueteros,-99.10639,19.44057
017-064,Venustiano Carranza,Valentin Gomez Farias,-99.09355,19.41636
017-065,Venustiano Carranza,Valle Gomez,-99.11913,19.45676
017-066,Venustiano Carranza,Venustiano Carranza,-99.11129,19.43922
017-067,Venustiano Carranza,Zona Centro,-99.12249,19.43031
